Stnno,Year,Month,Day,Rainfall_mm,Wind_mean_24Hr,Humidity,Solar_Radiation_Mjm2
48603,2008,1,1,-33.3,2.5,na,na
48603,2008,1,2,0,2.2,na,na
48603,2008,1,3,0,2.1,na,na
48603,2008,1,4,0,2.2,na,na
48603,2008,1,5,0,2,na,na
48603,2008,1,6,0,1.9,na,na
48603,2008,1,7,0,2,na,na
48603,2008,1,8,0,1.9,na,na
48603,2008,1,9,31.6,1.8,na,na
48603,2008,1,10,0,1.1,na,na
48603,2008,1,11,0,1.2,na,na
48603,2008,1,12,0,1.5,na,na
48603,2008,1,13,0,1.4,na,na
48603,2008,1,14,0,1.3,na,na
48603,2008,1,15,0,1.3,na,na
48603,2008,1,16,1,1.7,na,na
48603,2008,1,17,-33.3,1.5,na,na
48603,2008,1,18,0.2,2.3,na,na
48603,2008,1,19,0,2.5,na,na
48603,2008,1,20,0,2,na,na
48603,2008,1,21,0,2.1,na,na
48603,2008,1,22,0,2.8,na,na
48603,2008,1,23,0,3,na,na
48603,2008,1,24,0,2.5,na,na
48603,2008,1,25,0,2,na,na
48603,2008,1,26,0,2.2,na,na
48603,2008,1,27,0,2.4,na,na
48603,2008,1,28,0,1.8,na,na
48603,2008,1,29,0,1.8,na,na
48603,2008,1,30,0,1.7,na,na
48603,2008,1,31,0,1.8,na,na
48603,2008,2,1,13.2,1.7,na,na
48603,2008,2,2,1.6,1.2,na,na
48603,2008,2,3,15.8,1.8,na,na
48603,2008,2,4,0,2.3,na,na
48603,2008,2,5,0,2.8,na,na
48603,2008,2,6,0,2.8,na,na
48603,2008,2,7,0,2.2,na,na
48603,2008,2,8,0,2.5,na,na
48603,2008,2,9,0,2.7,na,na
48603,2008,2,10,0,2.7,na,na
48603,2008,2,11,0,2.6,na,na
48603,2008,2,12,0,2.4,na,na
48603,2008,2,13,0,2.5,na,na
48603,2008,2,14,0,2.8,na,na
48603,2008,2,15,0,2.5,na,na
48603,2008,2,16,0,2.5,na,na
48603,2008,2,17,0,2.5,na,na
48603,2008,2,18,0,3.3,na,na
48603,2008,2,19,0,2.8,na,na
48603,2008,2,20,0,2.5,na,na
48603,2008,2,21,0,2,na,na
48603,2008,2,22,0,1.7,na,na
48603,2008,2,23,0,1.4,na,na
48603,2008,2,24,-33.3,1.4,na,na
48603,2008,2,25,-33.3,1.5,na,na
48603,2008,2,26,0,1.4,na,na
48603,2008,2,27,0.8,3,na,na
48603,2008,2,28,75.2,1.3,na,na
48603,2008,2,29,6.2,0.8,na,na
48603,2008,3,1,11.2,2,na,na
48603,2008,3,2,0,2.1,na,na
48603,2008,3,3,0,1.7,na,na
48603,2008,3,4,0,1.4,na,na
48603,2008,3,5,0,2.3,na,na
48603,2008,3,6,0,2.7,na,na
48603,2008,3,7,9.2,1.9,na,na
48603,2008,3,8,60.2,1.7,na,na
48603,2008,3,9,0,2,na,na
48603,2008,3,10,0,2.4,na,na
48603,2008,3,11,0.4,2.1,na,na
48603,2008,3,12,0,2.1,na,na
48603,2008,3,13,-33.3,1.4,na,na
48603,2008,3,14,0,2.3,na,na
48603,2008,3,15,0,2.1,na,na
48603,2008,3,16,0,2.2,na,na
48603,2008,3,17,0,2.2,na,na
48603,2008,3,18,43,1.5,na,na
48603,2008,3,19,0.6,1.6,na,na
48603,2008,3,20,0,1.5,na,na
48603,2008,3,21,38,1.7,na,na
48603,2008,3,22,1,1.6,na,na
48603,2008,3,23,1,1.5,na,na
48603,2008,3,24,15.6,1.8,na,na
48603,2008,3,25,28,1.5,na,na
48603,2008,3,26,23.8,2,na,na
48603,2008,3,27,0,1.9,na,na
48603,2008,3,28,0,1.7,na,na
48603,2008,3,29,0.8,1.4,na,na
48603,2008,3,30,0,2,na,na
48603,2008,3,31,0,1.7,na,na
48603,2008,4,1,24.2,1.9,na,na
48603,2008,4,2,1,1.8,na,na
48603,2008,4,3,4,1.9,na,na
48603,2008,4,4,0,1.9,na,na
48603,2008,4,5,2,1.7,na,na
48603,2008,4,6,0,1.9,na,na
48603,2008,4,7,5.4,2,na,na
48603,2008,4,8,3.2,1.5,na,na
48603,2008,4,9,-33.3,1.9,na,na
48603,2008,4,10,4,1.7,na,na
48603,2008,4,11,3.8,1.9,na,na
48603,2008,4,12,25.4,1.3,na,na
48603,2008,4,13,8.2,1.5,na,na
48603,2008,4,14,0,1.6,na,na
48603,2008,4,15,25,1.9,na,na
48603,2008,4,16,3.2,2.2,na,na
48603,2008,4,17,0,2.3,na,na
48603,2008,4,18,13.6,2.2,na,na
48603,2008,4,19,60.2,2.2,na,na
48603,2008,4,20,0,1.7,na,na
48603,2008,4,21,1.4,1.1,na,na
48603,2008,4,22,42.2,1.8,na,na
48603,2008,4,23,0,2.1,na,na
48603,2008,4,24,36.2,1.1,na,na
48603,2008,4,25,0,1.2,na,na
48603,2008,4,26,0,1.6,na,na
48603,2008,4,27,0,2.2,na,na
48603,2008,4,28,1.8,1.5,na,na
48603,2008,4,29,2.6,1.4,na,na
48603,2008,4,30,3.2,1.5,na,na
48603,2008,5,1,0,2.1,na,na
48603,2008,5,2,0,1.5,na,na
48603,2008,5,3,0,1.5,na,na
48603,2008,5,4,0,1.7,na,na
48603,2008,5,5,0.6,1.3,na,na
48603,2008,5,6,3.2,1.5,na,na
48603,2008,5,7,13.8,1.8,na,na
48603,2008,5,8,0.6,1,na,na
48603,2008,5,9,10.6,1.5,na,na
48603,2008,5,10,26,1.5,na,na
48603,2008,5,11,24.8,1.3,na,na
48603,2008,5,12,0,1.6,na,na
48603,2008,5,13,3.8,0.9,na,na
48603,2008,5,14,11.6,0.9,na,na
48603,2008,5,15,0,1.4,na,na
48603,2008,5,16,0,1.4,na,na
48603,2008,5,17,0,1.5,na,na
48603,2008,5,18,0,1.7,na,na
48603,2008,5,19,0,1.5,na,na
48603,2008,5,20,0,1.5,na,na
48603,2008,5,21,0,1.8,na,na
48603,2008,5,22,7.8,1.7,na,na
48603,2008,5,23,1,1.7,na,na
48603,2008,5,24,0,1.9,na,na
48603,2008,5,25,1,1.7,na,na
48603,2008,5,26,0,1.8,na,na
48603,2008,5,27,5.2,1.8,na,na
48603,2008,5,28,117.4,2.1,na,na
48603,2008,5,29,0,2.3,na,na
48603,2008,5,30,7.8,2,na,na
48603,2008,5,31,31.8,1.6,na,na
48603,2008,6,1,0,1.9,na,na
48603,2008,6,2,0,1.9,na,na
48603,2008,6,3,0,1.7,na,na
48603,2008,6,4,64.2,1.7,na,na
48603,2008,6,5,2.2,1.6,na,na
48603,2008,6,6,18.4,1.5,na,na
48603,2008,6,7,0.8,1.7,na,na
48603,2008,6,8,0.4,1.7,na,na
48603,2008,6,9,0.2,1.1,na,na
48603,2008,6,10,27.8,1.3,na,na
48603,2008,6,11,-33.3,1.3,na,na
48603,2008,6,12,0.4,1.7,na,na
48603,2008,6,13,3.4,1,na,na
48603,2008,6,14,0,1.3,na,na
48603,2008,6,15,0,1,na,na
48603,2008,6,16,0,1.4,na,na
48603,2008,6,17,0,1.1,na,na
48603,2008,6,18,49.4,1.5,na,na
48603,2008,6,19,0,1.7,na,na
48603,2008,6,20,0,1.5,na,na
48603,2008,6,21,0,1.9,na,na
48603,2008,6,22,0.2,1.7,na,na
48603,2008,6,23,23.6,1.4,na,na
48603,2008,6,24,5.2,1.3,na,na
48603,2008,6,25,7.4,2,na,na
48603,2008,6,26,0.2,1.5,na,na
48603,2008,6,27,0,1.3,na,na
48603,2008,6,28,0,1.4,na,na
48603,2008,6,29,0,1.4,na,na
48603,2008,6,30,1.4,1.8,na,na
48603,2008,7,1,0,1.4,na,na
48603,2008,7,2,0.6,1.5,na,na
48603,2008,7,3,14.8,2,na,na
48603,2008,7,4,0,1.4,na,na
48603,2008,7,5,0,1.3,na,na
48603,2008,7,6,0,1.5,na,na
48603,2008,7,7,10.2,1.6,na,na
48603,2008,7,8,-33.3,1.5,na,na
48603,2008,7,9,21,1.8,na,na
48603,2008,7,10,7.2,1.5,na,na
48603,2008,7,11,1.2,1.2,na,na
48603,2008,7,12,0,1.6,na,na
48603,2008,7,13,1.2,1.6,na,na
48603,2008,7,14,7.4,1.3,na,na
48603,2008,7,15,0.2,2,na,na
48603,2008,7,16,10.6,1.9,na,na
48603,2008,7,17,30.2,2.1,na,na
48603,2008,7,18,7,1.9,na,na
48603,2008,7,19,4.2,1.6,na,na
48603,2008,7,20,6,2,na,na
48603,2008,7,21,0,1.3,na,na
48603,2008,7,22,0.6,1.6,na,na
48603,2008,7,23,4.4,1.4,na,na
48603,2008,7,24,0,1.4,na,na
48603,2008,7,25,0,1.1,na,na
48603,2008,7,26,7,1.2,na,na
48603,2008,7,27,0,0.7,na,na
48603,2008,7,28,0,1.2,na,na
48603,2008,7,29,0,1.3,na,na
48603,2008,7,30,0,1.6,na,na
48603,2008,7,31,0,1.5,na,na
48603,2008,8,1,0,1.6,na,na
48603,2008,8,2,0,1.6,na,na
48603,2008,8,3,56.2,1.3,na,na
48603,2008,8,4,0,1.6,na,na
48603,2008,8,5,10.6,1.3,na,na
48603,2008,8,6,15.4,1.5,na,na
48603,2008,8,7,1.6,1.2,na,na
48603,2008,8,8,0,1.5,na,na
48603,2008,8,9,0,1.5,na,na
48603,2008,8,10,36.8,1.5,na,na
48603,2008,8,11,0,1.6,na,na
48603,2008,8,12,0,1.5,na,na
48603,2008,8,13,0.2,1.4,na,na
48603,2008,8,14,0,1.5,na,na
48603,2008,8,15,0,1.6,na,na
48603,2008,8,16,7.8,1.5,na,na
48603,2008,8,17,0,1.6,na,na
48603,2008,8,18,0.6,1.8,na,na
48603,2008,8,19,17.4,1.6,na,na
48603,2008,8,20,-33.3,2,na,na
48603,2008,8,21,4.2,1.5,na,na
48603,2008,8,22,19.6,1.9,na,na
48603,2008,8,23,0,1.6,na,na
48603,2008,8,24,2.2,2.1,na,na
48603,2008,8,25,-33.3,1.6,na,na
48603,2008,8,26,6,1.9,na,na
48603,2008,8,27,29.6,2.1,na,na
48603,2008,8,28,1.2,2.1,na,na
48603,2008,8,29,12,1.4,na,na
48603,2008,8,30,3.2,1.7,na,na
48603,2008,8,31,17.6,2.1,na,na
48603,2008,9,1,9.2,1.6,na,na
48603,2008,9,2,18.2,1.6,na,na
48603,2008,9,3,-33.3,1.6,na,na
48603,2008,9,4,11.8,2.1,na,na
48603,2008,9,5,7.6,1.8,na,na
48603,2008,9,6,23.2,2.3,na,na
48603,2008,9,7,1,1.1,na,na
48603,2008,9,8,6.6,2,na,na
48603,2008,9,9,9.8,1.5,na,na
48603,2008,9,10,32,1.5,na,na
48603,2008,9,11,0,1.7,na,na
48603,2008,9,12,0,1.5,na,na
48603,2008,9,13,-33.3,1.5,na,na
48603,2008,9,14,0,1.2,na,na
48603,2008,9,15,2.4,1.6,na,na
48603,2008,9,16,1.8,1.1,na,na
48603,2008,9,17,0,1.2,na,na
48603,2008,9,18,0,1.6,na,na
48603,2008,9,19,3.2,1.3,na,na
48603,2008,9,20,-33.3,1.7,na,na
48603,2008,9,21,6.8,1.8,na,na
48603,2008,9,22,0,2.3,na,na
48603,2008,9,23,0,1.9,na,na
48603,2008,9,24,0,1.9,na,na
48603,2008,9,25,6.4,1.7,na,na
48603,2008,9,26,25.4,2,na,na
48603,2008,9,27,0,2.1,na,na
48603,2008,9,28,8,1.7,na,na
48603,2008,9,29,60.2,1.7,na,na
48603,2008,9,30,21.4,2,na,na
48603,2008,10,1,-33.3,2.2,na,na
48603,2008,10,2,0,1.1,na,na
48603,2008,10,3,0,1.6,na,na
48603,2008,10,4,7,1.4,na,na
48603,2008,10,5,17.4,1.8,na,na
48603,2008,10,6,-33.3,2.6,na,na
48603,2008,10,7,25.6,2.2,na,na
48603,2008,10,8,0.8,1.5,na,na
48603,2008,10,9,0.2,1.3,na,na
48603,2008,10,10,0.2,1.6,na,na
48603,2008,10,11,0.8,1.7,na,na
48603,2008,10,12,14,1.4,na,na
48603,2008,10,13,0.2,1.9,na,na
48603,2008,10,14,36.2,1.7,na,na
48603,2008,10,15,10.6,2.1,na,na
48603,2008,10,16,0.8,2,na,na
48603,2008,10,17,15,2.2,na,na
48603,2008,10,18,29.4,1.7,na,na
48603,2008,10,19,39.4,1.6,na,na
48603,2008,10,20,34.4,1.4,na,na
48603,2008,10,21,11.2,1.4,na,na
48603,2008,10,22,29,1.9,na,na
48603,2008,10,23,29.8,1.8,na,na
48603,2008,10,24,30.6,1.8,na,na
48603,2008,10,25,0.6,2.2,na,na
48603,2008,10,26,0,1.4,na,na
48603,2008,10,27,-33.3,1.8,na,na
48603,2008,10,28,6,1.4,na,na
48603,2008,10,29,29.8,1.5,na,na
48603,2008,10,30,10,1.9,na,na
48603,2008,10,31,3,1.7,na,na
48603,2008,11,1,0.8,1.7,na,na
48603,2008,11,2,0,1.3,na,na
48603,2008,11,3,0,1.3,na,na
48603,2008,11,4,0,1.5,na,na
48603,2008,11,5,6.8,1.4,na,na
48603,2008,11,6,4.2,1.5,na,na
48603,2008,11,7,0,1.1,na,na
48603,2008,11,8,-33.3,1.3,na,na
48603,2008,11,9,11.4,1.6,na,na
48603,2008,11,10,9,1,na,na
48603,2008,11,11,0,1.3,na,na
48603,2008,11,12,0,1.9,na,na
48603,2008,11,13,0,1.5,na,na
48603,2008,11,14,0,1.8,na,na
48603,2008,11,15,0,1.3,na,na
48603,2008,11,16,0,1.3,na,na
48603,2008,11,17,-33.3,1.1,na,na
48603,2008,11,18,3.6,1.5,na,na
48603,2008,11,19,1.4,1.6,na,na
48603,2008,11,20,3.2,0.9,na,na
48603,2008,11,21,-33.3,1.3,na,na
48603,2008,11,22,0,2,na,na
48603,2008,11,23,0.2,1.9,na,na
48603,2008,11,24,4.6,1,na,na
48603,2008,11,25,27.2,1.3,na,na
48603,2008,11,26,0.2,1.5,na,na
48603,2008,11,27,0.2,1.5,na,na
48603,2008,11,28,0,2.1,na,na
48603,2008,11,29,0.2,1.3,na,na
48603,2008,11,30,-33.3,1.8,na,na
48603,2008,12,1,0.4,1.9,na,na
48603,2008,12,2,0,2.2,na,na
48603,2008,12,3,0,1.8,na,na
48603,2008,12,4,0,1.6,na,na
48603,2008,12,5,10.2,1.6,na,na
48603,2008,12,6,1.8,1.3,na,na
48603,2008,12,7,16.4,1.2,na,na
48603,2008,12,8,6.2,1.3,na,na
48603,2008,12,9,0,1.7,na,na
48603,2008,12,10,0,1.4,na,na
48603,2008,12,11,5.8,1.6,na,na
48603,2008,12,12,0,1.2,na,na
48603,2008,12,13,0,1.8,na,na
48603,2008,12,14,-33.3,1.6,na,na
48603,2008,12,15,3.2,1.9,na,na
48603,2008,12,16,0,1.9,na,na
48603,2008,12,17,0,2.1,na,na
48603,2008,12,18,0,2.4,na,na
48603,2008,12,19,0,2.1,na,na
48603,2008,12,20,0,2.5,na,na
48603,2008,12,21,0,2.6,na,na
48603,2008,12,22,0,2.4,na,na
48603,2008,12,23,0.8,2.5,na,na
48603,2008,12,24,0,1.8,na,na
48603,2008,12,25,4.4,1.5,na,na
48603,2008,12,26,0,1.5,na,na
48603,2008,12,27,0,1.6,na,na
48603,2008,12,28,6.2,1.3,na,na
48603,2008,12,29,10.8,0.8,na,na
48603,2008,12,30,0,1.4,na,na
48603,2008,12,31,0.6,1.3,na,na
48603,2009,1,1,-33.3,1.9,na,na
48603,2009,1,2,0,1.9,na,na
48603,2009,1,3,1.4,1,na,na
48603,2009,1,4,0,1.8,na,na
48603,2009,1,5,0,2,na,na
48603,2009,1,6,0,1.7,na,na
48603,2009,1,7,0,2.1,na,na
48603,2009,1,8,0,2,na,na
48603,2009,1,9,0,2.5,na,na
48603,2009,1,10,0,2.3,na,na
48603,2009,1,11,0,1.6,na,na
48603,2009,1,12,0,2.4,na,na
48603,2009,1,13,0,2.9,na,na
48603,2009,1,14,0,3.5,na,na
48603,2009,1,15,0,3.1,na,na
48603,2009,1,16,0,2.6,na,na
48603,2009,1,17,0,2.5,na,na
48603,2009,1,18,0,2.2,na,na
48603,2009,1,19,0,1.9,na,na
48603,2009,1,20,0,1.8,na,na
48603,2009,1,21,0,1.7,na,na
48603,2009,1,22,0,2.2,na,na
48603,2009,1,23,0,2.1,na,na
48603,2009,1,24,0,2.3,na,na
48603,2009,1,25,0,2.7,na,na
48603,2009,1,26,0,2,na,na
48603,2009,1,27,0,2.4,na,na
48603,2009,1,28,0,1.8,na,na
48603,2009,1,29,0,1.8,na,na
48603,2009,1,30,0,1.9,na,na
48603,2009,1,31,0,2.1,na,na
48603,2009,2,1,0,2.3,na,na
48603,2009,2,2,0,2.3,na,na
48603,2009,2,3,0,1.9,na,na
48603,2009,2,4,0,1.6,na,na
48603,2009,2,5,0,1.6,na,na
48603,2009,2,6,0,1.9,na,na
48603,2009,2,7,0,1.7,na,na
48603,2009,2,8,0,2,na,na
48603,2009,2,9,0,2.4,na,na
48603,2009,2,10,0,1.8,na,na
48603,2009,2,11,0,1.8,na,na
48603,2009,2,12,0,1.7,na,na
48603,2009,2,13,0,2,na,na
48603,2009,2,14,0,2,na,na
48603,2009,2,15,0,1.5,na,na
48603,2009,2,16,0.2,1.8,na,na
48603,2009,2,17,0,1.3,na,na
48603,2009,2,18,0,2.1,na,na
48603,2009,2,19,0,2.5,na,na
48603,2009,2,20,20.8,2.2,na,na
48603,2009,2,21,0,1.7,na,na
48603,2009,2,22,0,2.4,na,na
48603,2009,2,23,0,1.5,na,na
48603,2009,2,24,0,1.8,na,na
48603,2009,2,25,5.2,1.6,na,na
48603,2009,2,26,0,1.3,na,na
48603,2009,2,27,31.4,2.2,na,na
48603,2009,2,28,10,1,na,na
48603,2009,3,1,2.6,1.9,na,na
48603,2009,3,2,10.6,1.1,na,na
48603,2009,3,3,2.2,1.5,na,na
48603,2009,3,4,5.4,1.1,na,na
48603,2009,3,5,-33.3,1.6,na,na
48603,2009,3,6,20.6,1.4,na,na
48603,2009,3,7,31.4,1.4,na,na
48603,2009,3,8,8,1.8,na,na
48603,2009,3,9,37.2,1.8,na,na
48603,2009,3,10,0,1.1,na,na
48603,2009,3,11,0,1.7,na,na
48603,2009,3,12,4.8,1.8,na,na
48603,2009,3,13,0,1.3,na,na
48603,2009,3,14,0,2.1,na,na
48603,2009,3,15,-33.3,2.4,na,na
48603,2009,3,16,0,2.3,na,na
48603,2009,3,17,16.4,2.1,na,na
48603,2009,3,18,0.8,1.6,na,na
48603,2009,3,19,0,1.3,na,na
48603,2009,3,20,50.4,1,na,na
48603,2009,3,21,0.6,1.5,na,na
48603,2009,3,22,0,1.3,na,na
48603,2009,3,23,18.6,1.8,na,na
48603,2009,3,24,23.6,1.5,na,na
48603,2009,3,25,65.4,1.3,na,na
48603,2009,3,26,10.6,1.6,na,na
48603,2009,3,27,0.4,1.2,na,na
48603,2009,3,28,12.8,1.4,na,na
48603,2009,3,29,82.6,1.6,na,na
48603,2009,3,30,0,1.5,na,na
48603,2009,3,31,0,1.4,na,na
48603,2009,4,1,0,2.3,na,na
48603,2009,4,2,6,1.9,na,na
48603,2009,4,3,41.8,1.9,na,na
48603,2009,4,4,56,1.3,na,na
48603,2009,4,5,13.2,1.2,na,na
48603,2009,4,6,25,1.7,na,na
48603,2009,4,7,26.6,1.3,na,na
48603,2009,4,8,22.4,1.8,na,na
48603,2009,4,9,100.2,1.5,na,na
48603,2009,4,10,101.8,1.8,na,na
48603,2009,4,11,1.2,1.8,na,na
48603,2009,4,12,1.8,1.3,na,na
48603,2009,4,13,13.8,1.4,na,na
48603,2009,4,14,0.6,1.6,na,na
48603,2009,4,15,0.4,1.6,na,na
48603,2009,4,16,0,1.7,na,na
48603,2009,4,17,0,1.6,na,na
48603,2009,4,18,0,1.7,na,na
48603,2009,4,19,7.6,1.7,na,na
48603,2009,4,20,4.2,2.5,na,na
48603,2009,4,21,6.2,2.2,na,na
48603,2009,4,22,1.8,2.4,na,na
48603,2009,4,23,0.6,2.3,na,na
48603,2009,4,24,0,1.4,na,na
48603,2009,4,25,20.2,2.1,na,na
48603,2009,4,26,0.8,1.8,na,na
48603,2009,4,27,0,2.1,na,na
48603,2009,4,28,0,1.8,na,na
48603,2009,4,29,0,2,na,na
48603,2009,4,30,1.2,2,na,na
48603,2009,5,1,0,1.9,na,na
48603,2009,5,2,22,2.4,na,na
48603,2009,5,3,6.8,2.4,na,na
48603,2009,5,4,9.8,1.5,na,na
48603,2009,5,5,-33.3,2,na,na
48603,2009,5,6,0.2,1.8,na,na
48603,2009,5,7,0.2,1.8,na,na
48603,2009,5,8,2.4,1.5,na,na
48603,2009,5,9,3.8,2,na,na
48603,2009,5,10,6,1.6,na,na
48603,2009,5,11,-33.3,1.4,na,na
48603,2009,5,12,0,1.5,na,na
48603,2009,5,13,14.8,1.4,na,na
48603,2009,5,14,47,1.8,na,na
48603,2009,5,15,0,2.3,na,na
48603,2009,5,16,2.6,1.5,na,na
48603,2009,5,17,3.2,1.2,na,na
48603,2009,5,18,0,1.5,na,na
48603,2009,5,19,0,2,na,na
48603,2009,5,20,0,1.7,na,na
48603,2009,5,21,0.6,1.1,na,na
48603,2009,5,22,0,1.4,na,na
48603,2009,5,23,0,1,na,na
48603,2009,5,24,0,1.3,na,na
48603,2009,5,25,0.8,1.4,na,na
48603,2009,5,26,0,1.1,na,na
48603,2009,5,27,0,1.6,na,na
48603,2009,5,28,11.2,1.5,na,na
48603,2009,5,29,41.4,1.3,na,na
48603,2009,5,30,1.4,1.5,na,na
48603,2009,5,31,0,1.1,na,na
48603,2009,6,1,0,1.4,na,na
48603,2009,6,2,8.6,1.7,na,na
48603,2009,6,3,7.8,1.5,na,na
48603,2009,6,4,0,1.7,na,na
48603,2009,6,5,0,1.6,na,na
48603,2009,6,6,0,1.5,na,na
48603,2009,6,7,0,1.1,na,na
48603,2009,6,8,0,1.6,na,na
48603,2009,6,9,0,1.7,na,na
48603,2009,6,10,0,1.7,na,na
48603,2009,6,11,0,1.3,na,na
48603,2009,6,12,0,1.4,na,na
48603,2009,6,13,0,1.5,na,na
48603,2009,6,14,5.8,1.6,na,na
48603,2009,6,15,23.8,2,na,na
48603,2009,6,16,1.4,1.5,na,na
48603,2009,6,17,0,1.3,na,na
48603,2009,6,18,0,1.4,na,na
48603,2009,6,19,0,0.9,na,na
48603,2009,6,20,1.8,1.4,na,na
48603,2009,6,21,0,1.4,na,na
48603,2009,6,22,1.2,1.6,na,na
48603,2009,6,23,0,1.4,na,na
48603,2009,6,24,0.2,1.6,na,na
48603,2009,6,25,12.4,1.4,na,na
48603,2009,6,26,0,1.7,na,na
48603,2009,6,27,0,1.5,na,na
48603,2009,6,28,1.4,1.5,na,na
48603,2009,6,29,0,1.3,na,na
48603,2009,6,30,17.8,1.1,na,na
48603,2009,7,1,0,1.9,na,na
48603,2009,7,2,0,1.4,na,na
48603,2009,7,3,0,1.5,na,na
48603,2009,7,4,8,2.2,na,na
48603,2009,7,5,0,2,na,na
48603,2009,7,6,-33.3,1.6,na,na
48603,2009,7,7,1.6,1.5,na,na
48603,2009,7,8,0,1.4,na,na
48603,2009,7,9,15,1.6,na,na
48603,2009,7,10,8.8,1.7,na,na
48603,2009,7,11,119.6,2.1,na,na
48603,2009,7,12,11.2,1.8,na,na
48603,2009,7,13,0,1.6,na,na
48603,2009,7,14,5,1.3,na,na
48603,2009,7,15,0,1.5,na,na
48603,2009,7,16,8.4,2,na,na
48603,2009,7,17,3.4,2,na,na
48603,2009,7,18,0,1.2,na,na
48603,2009,7,19,0,1.2,na,na
48603,2009,7,20,1,1.4,na,na
48603,2009,7,21,0.8,1.8,na,na
48603,2009,7,22,20.4,1.3,na,na
48603,2009,7,23,-33.3,1.3,na,na
48603,2009,7,24,0,1.6,na,na
48603,2009,7,25,0,1.4,na,na
48603,2009,7,26,0,1.4,na,na
48603,2009,7,27,21.8,1.3,na,na
48603,2009,7,28,5.2,1.4,na,na
48603,2009,7,29,0,1.7,na,na
48603,2009,7,30,0,1.7,na,na
48603,2009,7,31,-33.3,1.5,na,na
48603,2009,8,1,4.4,1.7,na,na
48603,2009,8,2,0.4,1.7,na,na
48603,2009,8,3,0,1.4,na,na
48603,2009,8,4,1.2,1.5,na,na
48603,2009,8,5,14.6,2.1,na,na
48603,2009,8,6,51.6,2.3,na,na
48603,2009,8,7,41.6,2.2,na,na
48603,2009,8,8,1.4,2,na,na
48603,2009,8,9,5.2,1.6,na,na
48603,2009,8,10,0,1.8,na,na
48603,2009,8,11,0,1.7,na,na
48603,2009,8,12,0,1.4,na,na
48603,2009,8,13,2,1.5,na,na
48603,2009,8,14,1.6,1.5,na,na
48603,2009,8,15,0,1.5,na,na
48603,2009,8,16,39,1.3,na,na
48603,2009,8,17,-33.3,1.3,na,na
48603,2009,8,18,37.8,1.5,na,na
48603,2009,8,19,6.8,1.8,na,na
48603,2009,8,20,0,1.6,na,na
48603,2009,8,21,4.6,2.2,na,na
48603,2009,8,22,56.4,1.9,na,na
48603,2009,8,23,64.6,2,na,na
48603,2009,8,24,16.8,1.7,na,na
48603,2009,8,25,0,1.1,na,na
48603,2009,8,26,26,1.8,na,na
48603,2009,8,27,9.6,2,na,na
48603,2009,8,28,16.4,1.9,na,na
48603,2009,8,29,48.6,2.3,na,na
48603,2009,8,30,6.6,1.5,na,na
48603,2009,8,31,11.2,1.2,na,na
48603,2009,9,1,0,1.6,na,na
48603,2009,9,2,0,1.3,na,na
48603,2009,9,3,0,0.9,na,na
48603,2009,9,4,0.4,1.6,na,na
48603,2009,9,5,25.4,1.1,na,na
48603,2009,9,6,-33.3,1.2,na,na
48603,2009,9,7,0,1.3,na,na
48603,2009,9,8,0,1.2,na,na
48603,2009,9,9,0,1.7,na,na
48603,2009,9,10,21.8,1.6,na,na
48603,2009,9,11,0,1.8,na,na
48603,2009,9,12,7.2,1.7,na,na
48603,2009,9,13,0.8,1.7,na,na
48603,2009,9,14,0,1.5,na,na
48603,2009,9,15,19.6,2,na,na
48603,2009,9,16,0.8,1.7,na,na
48603,2009,9,17,8.4,1.9,na,na
48603,2009,9,18,19,1.7,na,na
48603,2009,9,19,-33.3,1.8,na,na
48603,2009,9,20,0,1.6,na,na
48603,2009,9,21,0,1.5,na,na
48603,2009,9,22,0,1.6,na,na
48603,2009,9,23,0,2.1,na,na
48603,2009,9,24,-33.3,2.4,na,na
48603,2009,9,25,11.4,2.1,na,na
48603,2009,9,26,0,1.7,na,na
48603,2009,9,27,0,1.8,na,na
48603,2009,9,28,40,1.2,na,na
48603,2009,9,29,1,2.3,na,na
48603,2009,9,30,16,1.3,na,na
48603,2009,10,1,0.8,2.2,na,na
48603,2009,10,2,0,1.3,na,na
48603,2009,10,3,23.2,1.7,na,na
48603,2009,10,4,0,1.6,na,na
48603,2009,10,5,27,1.2,na,na
48603,2009,10,6,7.6,1.9,na,na
48603,2009,10,7,5.4,1.4,na,na
48603,2009,10,8,9.2,1.7,na,na
48603,2009,10,9,1.2,1.5,na,na
48603,2009,10,10,10,1.1,na,na
48603,2009,10,11,0.2,1.7,na,na
48603,2009,10,12,0,1.7,na,na
48603,2009,10,13,-33.3,1.7,na,na
48603,2009,10,14,2.2,1.6,na,na
48603,2009,10,15,3,1.3,na,na
48603,2009,10,16,0,1.8,na,na
48603,2009,10,17,21.2,1.8,na,na
48603,2009,10,18,16.6,2.2,na,na
48603,2009,10,19,2.2,1.5,na,na
48603,2009,10,20,6.6,1.8,na,na
48603,2009,10,21,0,1.9,na,na
48603,2009,10,22,1.8,1.7,na,na
48603,2009,10,23,0,1.4,na,na
48603,2009,10,24,0,1.3,na,na
48603,2009,10,25,0,2.2,na,na
48603,2009,10,26,0.6,2.1,na,na
48603,2009,10,27,0.4,1.7,na,na
48603,2009,10,28,10.6,1.9,na,na
48603,2009,10,29,0,2.1,na,na
48603,2009,10,30,0,1.8,na,na
48603,2009,10,31,0,1.8,na,na
48603,2009,11,1,1.2,1.7,na,na
48603,2009,11,2,0,2.5,na,na
48603,2009,11,3,0,1.9,na,na
48603,2009,11,4,5.8,1.8,na,na
48603,2009,11,5,46.4,1.8,na,na
48603,2009,11,6,53.2,1.2,na,na
48603,2009,11,7,12.8,1.2,na,na
48603,2009,11,8,34.6,1.4,na,na
48603,2009,11,9,0.8,1.2,na,na
48603,2009,11,10,6.4,1.6,na,na
48603,2009,11,11,7.4,1.5,na,na
48603,2009,11,12,3.8,1.8,na,na
48603,2009,11,13,32.4,1.4,na,na
48603,2009,11,14,36.8,1.2,na,na
48603,2009,11,15,2.4,1.8,na,na
48603,2009,11,16,2.6,1.9,na,na
48603,2009,11,17,27,1.2,na,na
48603,2009,11,18,5.2,1.4,na,na
48603,2009,11,19,0.6,1.9,na,na
48603,2009,11,20,5.4,1.7,na,na
48603,2009,11,21,7,1,na,na
48603,2009,11,22,24,1,na,na
48603,2009,11,23,21.8,1.3,na,na
48603,2009,11,24,0,1.4,na,na
48603,2009,11,25,2.6,0.9,na,na
48603,2009,11,26,0.2,1.3,na,na
48603,2009,11,27,0,1.2,na,na
48603,2009,11,28,1.8,1.2,na,na
48603,2009,11,29,0,1.4,na,na
48603,2009,11,30,0,2,na,na
48603,2009,12,1,0,1.7,na,na
48603,2009,12,2,-33.3,1.6,na,na
48603,2009,12,3,0,2.5,na,na
48603,2009,12,4,0,2.7,na,na
48603,2009,12,5,0,2,na,na
48603,2009,12,6,0,1.8,na,na
48603,2009,12,7,0,1.5,na,na
48603,2009,12,8,0,1.9,na,na
48603,2009,12,9,0,1.9,na,na
48603,2009,12,10,0,1.7,na,na
48603,2009,12,11,0,2.1,na,na
48603,2009,12,12,0,2.6,na,na
48603,2009,12,13,0,2,na,na
48603,2009,12,14,0,2.1,na,na
48603,2009,12,15,0,1.9,na,na
48603,2009,12,16,0,2.6,na,na
48603,2009,12,17,0.4,2.2,na,na
48603,2009,12,18,10.6,1.5,na,na
48603,2009,12,19,2.2,3,na,na
48603,2009,12,20,0,3.1,na,na
48603,2009,12,21,0,3.2,na,na
48603,2009,12,22,0,2.8,na,na
48603,2009,12,23,0,2.8,na,na
48603,2009,12,24,0,2.8,na,na
48603,2009,12,25,0,2.7,na,na
48603,2009,12,26,0,1.8,na,na
48603,2009,12,27,0,1.8,na,na
48603,2009,12,28,14.2,1.7,na,na
48603,2009,12,29,0,1.7,na,na
48603,2009,12,30,0,1.8,na,na
48603,2009,12,31,0,2.4,na,na
48603,2010,1,1,0,2.5,na,na
48603,2010,1,2,0.2,2,na,na
48603,2010,1,3,0.6,1.7,na,na
48603,2010,1,4,97,1.4,na,na
48603,2010,1,5,30.6,1.4,na,na
48603,2010,1,6,23.6,1.5,na,na
48603,2010,1,7,-33.3,1.2,na,na
48603,2010,1,8,3.6,1.8,na,na
48603,2010,1,9,0,1.9,na,na
48603,2010,1,10,0,1.4,na,na
48603,2010,1,11,0,1.4,na,na
48603,2010,1,12,0,1.8,na,na
48603,2010,1,13,0,2,na,na
48603,2010,1,14,0,2.5,na,na
48603,2010,1,15,0,2.6,na,na
48603,2010,1,16,0,2.6,na,na
48603,2010,1,17,0,1.9,na,na
48603,2010,1,18,0,1.8,na,na
48603,2010,1,19,0,1.4,na,na
48603,2010,1,20,0,1.4,na,na
48603,2010,1,21,0,1.2,na,na
48603,2010,1,22,0,1.1,na,na
48603,2010,1,23,0,1.8,na,na
48603,2010,1,24,0,1.9,na,na
48603,2010,1,25,0,2.1,na,na
48603,2010,1,26,0,2.3,na,na
48603,2010,1,27,0,2.7,na,na
48603,2010,1,28,0,2.2,na,na
48603,2010,1,29,0,2.2,na,na
48603,2010,1,30,0,1.9,na,na
48603,2010,1,31,0,2.3,na,na
48603,2010,2,1,0,2.4,na,na
48603,2010,2,2,0,1.8,na,na
48603,2010,2,3,-33.3,1.5,na,na
48603,2010,2,4,14.2,1.6,na,na
48603,2010,2,5,0,2,na,na
48603,2010,2,6,3.2,1.7,na,na
48603,2010,2,7,1.4,1.8,na,na
48603,2010,2,8,0,2.3,na,na
48603,2010,2,9,-33.3,1.8,na,na
48603,2010,2,10,0,2.2,na,na
48603,2010,2,11,0,1.9,na,na
48603,2010,2,12,0,2.1,na,na
48603,2010,2,13,0,2.7,na,na
48603,2010,2,14,0,2.3,na,na
48603,2010,2,15,0,2.4,na,na
48603,2010,2,16,0,2.5,na,na
48603,2010,2,17,0.2,2.2,na,na
48603,2010,2,18,0,3.2,na,na
48603,2010,2,19,0,2.5,na,na
48603,2010,2,20,0,2,na,na
48603,2010,2,21,0.4,1.8,na,na
48603,2010,2,22,0,1.8,na,na
48603,2010,2,23,0,1.8,na,na
48603,2010,2,24,0,1.9,na,na
48603,2010,2,25,3,1.6,na,na
48603,2010,2,26,0,1.9,na,na
48603,2010,2,27,0,1.7,na,na
48603,2010,2,28,0,2.1,na,na
48603,2010,3,1,23.8,2.2,na,na
48603,2010,3,2,0,1.5,na,na
48603,2010,3,3,0,1.6,na,na
48603,2010,3,4,0,2,na,na
48603,2010,3,5,1,2.2,na,na
48603,2010,3,6,0,1.8,na,na
48603,2010,3,7,0,1.9,na,na
48603,2010,3,8,0,2.2,na,na
48603,2010,3,9,0.2,2,na,na
48603,2010,3,10,0,2.6,na,na
48603,2010,3,11,0,2.6,na,na
48603,2010,3,12,15.6,1.8,na,na
48603,2010,3,13,21.8,1.7,na,na
48603,2010,3,14,14.2,1.4,na,na
48603,2010,3,15,0,1.8,na,na
48603,2010,3,16,0,2.4,na,na
48603,2010,3,17,-33.3,2.7,na,na
48603,2010,3,18,0,3.2,na,na
48603,2010,3,19,0,2.9,na,na
48603,2010,3,20,1.2,1.9,na,na
48603,2010,3,21,0.6,1.7,na,na
48603,2010,3,22,24.8,1.5,na,na
48603,2010,3,23,0,1.7,na,na
48603,2010,3,24,9.4,1.4,na,na
48603,2010,3,25,-33.3,2,na,na
48603,2010,3,26,42.8,1.8,na,na
48603,2010,3,27,-33.3,2.2,na,na
48603,2010,3,28,0.4,1.8,na,na
48603,2010,3,29,21.4,2,na,na
48603,2010,3,30,22,1.6,na,na
48603,2010,3,31,4.6,1.8,na,na
48603,2010,4,1,45.6,1.7,na,na
48603,2010,4,2,76.2,1.8,na,na
48603,2010,4,3,29.4,1.6,na,na
48603,2010,4,4,-33.3,1.8,na,na
48603,2010,4,5,9,1.8,na,na
48603,2010,4,6,16,1.6,na,na
48603,2010,4,7,12.8,1.8,na,na
48603,2010,4,8,0.2,1.5,na,na
48603,2010,4,9,3.6,1.6,na,na
48603,2010,4,10,0,1.2,na,na
48603,2010,4,11,-33.3,1.9,na,na
48603,2010,4,12,-33.3,1.8,na,na
48603,2010,4,13,0,1.8,na,na
48603,2010,4,14,0,1.6,na,na
48603,2010,4,15,0,1.9,na,na
48603,2010,4,16,21.4,1.8,na,na
48603,2010,4,17,3.6,1.9,na,na
48603,2010,4,18,0,1.7,na,na
48603,2010,4,19,2.2,1.6,na,na
48603,2010,4,20,0,1.6,na,na
48603,2010,4,21,3,2.2,na,na
48603,2010,4,22,0,1.8,na,na
48603,2010,4,23,0,1.4,na,na
48603,2010,4,24,6.2,1.6,na,na
48603,2010,4,25,0.2,1.3,na,na
48603,2010,4,26,3,1.3,na,na
48603,2010,4,27,7.6,1.6,na,na
48603,2010,4,28,0,1.4,na,na
48603,2010,4,29,0,1.7,na,na
48603,2010,4,30,10.8,1.8,na,na
48603,2010,5,1,0,1.7,na,na
48603,2010,5,2,10.4,1.6,na,na
48603,2010,5,3,0,1.6,na,na
48603,2010,5,4,0,1.8,na,na
48603,2010,5,5,0,1.9,na,na
48603,2010,5,6,0.2,1.5,na,na
48603,2010,5,7,0,1.5,na,na
48603,2010,5,8,42.2,2.2,na,na
48603,2010,5,9,0,2.2,na,na
48603,2010,5,10,0,2,na,na
48603,2010,5,11,0,1.5,na,na
48603,2010,5,12,4,1.7,na,na
48603,2010,5,13,0.2,1.5,na,na
48603,2010,5,14,1,2,na,na
48603,2010,5,15,0.4,1.5,na,na
48603,2010,5,16,0.4,1.8,na,na
48603,2010,5,17,1.2,1.3,na,na
48603,2010,5,18,13.8,1.9,na,na
48603,2010,5,19,-33.3,1.5,na,na
48603,2010,5,20,0.4,1.3,na,na
48603,2010,5,21,6.6,1.9,na,na
48603,2010,5,22,-33.3,1.8,na,na
48603,2010,5,23,0,1.6,na,na
48603,2010,5,24,0,1.9,na,na
48603,2010,5,25,0,2,na,na
48603,2010,5,26,0,2,na,na
48603,2010,5,27,0,1.4,na,na
48603,2010,5,28,0,1.4,na,na
48603,2010,5,29,0.4,2,na,na
48603,2010,5,30,0.4,1.9,na,na
48603,2010,5,31,-33.3,2.1,na,na
48603,2010,6,1,10,2.1,na,na
48603,2010,6,2,0,2,na,na
48603,2010,6,3,0,1.8,na,na
48603,2010,6,4,26.8,2.2,na,na
48603,2010,6,5,29.6,2.2,na,na
48603,2010,6,6,42.8,1.5,na,na
48603,2010,6,7,0.8,1.8,na,na
48603,2010,6,8,-33.3,1.5,na,na
48603,2010,6,9,0,1.4,na,na
48603,2010,6,10,4,1.4,na,na
48603,2010,6,11,9.6,1.5,na,na
48603,2010,6,12,31,1.8,na,na
48603,2010,6,13,1,1.4,na,na
48603,2010,6,14,51,2,na,na
48603,2010,6,15,3.6,1.4,na,na
48603,2010,6,16,5.2,1.6,na,na
48603,2010,6,17,0,1.7,na,na
48603,2010,6,18,0,1.2,na,na
48603,2010,6,19,0,1.4,na,na
48603,2010,6,20,1.8,1.5,na,na
48603,2010,6,21,51.6,2.1,na,na
48603,2010,6,22,5,2.1,na,na
48603,2010,6,23,3.2,1.7,na,na
48603,2010,6,24,9,1.5,na,na
48603,2010,6,25,0.4,2.3,na,na
48603,2010,6,26,0,1.1,na,na
48603,2010,6,27,0,1.5,na,na
48603,2010,6,28,0.4,2,na,na
48603,2010,6,29,0,1.7,na,na
48603,2010,6,30,0.6,1.9,na,na
48603,2010,7,1,59.8,2.1,na,na
48603,2010,7,2,3.6,2.4,na,na
48603,2010,7,3,-33.3,1.6,na,na
48603,2010,7,4,0,1.4,na,na
48603,2010,7,5,0,1.1,na,na
48603,2010,7,6,1.2,1.1,na,na
48603,2010,7,7,9,1.5,na,na
48603,2010,7,8,14,1.5,na,na
48603,2010,7,9,0,1.6,na,na
48603,2010,7,10,16.2,1.7,na,na
48603,2010,7,11,0.2,1.8,na,na
48603,2010,7,12,0,1.5,na,na
48603,2010,7,13,8.2,2,na,na
48603,2010,7,14,6.2,1.9,na,na
48603,2010,7,15,-33.3,1.7,na,na
48603,2010,7,16,3.8,1.6,na,na
48603,2010,7,17,2.4,1.7,na,na
48603,2010,7,18,1.8,1.6,na,na
48603,2010,7,19,0,1,na,na
48603,2010,7,20,0.8,1.7,na,na
48603,2010,7,21,0,1.7,na,na
48603,2010,7,22,0,1.3,na,na
48603,2010,7,23,0,1.7,na,na
48603,2010,7,24,0,1.2,na,na
48603,2010,7,25,8,1.3,na,na
48603,2010,7,26,9.6,1.7,na,na
48603,2010,7,27,10,2.1,na,na
48603,2010,7,28,0,1.3,na,na
48603,2010,7,29,1.8,1.8,na,na
48603,2010,7,30,0.2,1.7,na,na
48603,2010,7,31,-33.3,1.2,na,na
48603,2010,8,1,0.2,1.7,na,na
48603,2010,8,2,0,1.5,na,na
48603,2010,8,3,0,1.6,na,na
48603,2010,8,4,0,1.7,na,na
48603,2010,8,5,0,1.3,na,na
48603,2010,8,6,-33.3,1.3,na,na
48603,2010,8,7,1.4,1.6,na,na
48603,2010,8,8,36,1.4,na,na
48603,2010,8,9,0,1.5,na,na
48603,2010,8,10,2.4,1.1,na,na
48603,2010,8,11,0,1.3,na,na
48603,2010,8,12,3.6,1.3,na,na
48603,2010,8,13,17.6,1.5,na,na
48603,2010,8,14,0,1.8,na,na
48603,2010,8,15,0.2,1.8,na,na
48603,2010,8,16,5.8,2,na,na
48603,2010,8,17,9.6,1.6,na,na
48603,2010,8,18,2.8,1.1,na,na
48603,2010,8,19,12.8,1.7,na,na
48603,2010,8,20,1.6,1.6,na,na
48603,2010,8,21,0,1.1,na,na
48603,2010,8,22,-33.3,1.3,na,na
48603,2010,8,23,0,1.2,na,na
48603,2010,8,24,0,1.7,na,na
48603,2010,8,25,0,2,na,na
48603,2010,8,26,28.4,1.3,na,na
48603,2010,8,27,0,1.3,na,na
48603,2010,8,28,-33.3,1.7,na,na
48603,2010,8,29,9.4,1.3,na,na
48603,2010,8,30,0,1.2,na,na
48603,2010,8,31,12.2,2.1,na,na
48603,2010,9,1,0,2,na,na
48603,2010,9,2,3.2,1.8,na,na
48603,2010,9,3,12.4,1.9,na,na
48603,2010,9,4,29.4,1.4,na,na
48603,2010,9,5,8.6,1.6,na,na
48603,2010,9,6,28.6,1.8,na,na
48603,2010,9,7,-33.3,1.5,na,na
48603,2010,9,8,0,1.3,na,na
48603,2010,9,9,0.4,1.4,na,na
48603,2010,9,10,-33.3,1.4,na,na
48603,2010,9,11,-33.3,1.5,na,na
48603,2010,9,12,0.4,1.4,na,na
48603,2010,9,13,8.8,1.6,na,na
48603,2010,9,14,0.6,1.6,na,na
48603,2010,9,15,6,1.8,na,na
48603,2010,9,16,0,1.5,na,na
48603,2010,9,17,0.6,1.9,na,na
48603,2010,9,18,0.2,1.6,na,na
48603,2010,9,19,27.6,1.1,na,na
48603,2010,9,20,13,1.9,na,na
48603,2010,9,21,0,1.6,na,na
48603,2010,9,22,14.8,2,na,na
48603,2010,9,23,1.6,1.8,na,na
48603,2010,9,24,9,1.4,na,na
48603,2010,9,25,0.4,1.2,na,na
48603,2010,9,26,29.6,1.7,na,na
48603,2010,9,27,44.6,1.9,na,na
48603,2010,9,28,0,1.2,na,na
48603,2010,9,29,3,1.6,na,na
48603,2010,9,30,4,1.9,na,na
48603,2010,10,1,3.6,1.3,na,na
48603,2010,10,2,28.2,1.8,na,na
48603,2010,10,3,0,1.5,na,na
48603,2010,10,4,0,1.5,na,na
48603,2010,10,5,14.8,1.5,na,na
48603,2010,10,6,15.4,1.9,na,na
48603,2010,10,7,-33.3,1.3,na,na
48603,2010,10,8,0,1.4,na,na
48603,2010,10,9,0,1.5,na,na
48603,2010,10,10,0,1.3,na,na
48603,2010,10,11,0.4,1.2,na,na
48603,2010,10,12,2,1.7,na,na
48603,2010,10,13,24,1.5,na,na
48603,2010,10,14,14,1.4,na,na
48603,2010,10,15,1,1.7,na,na
48603,2010,10,16,0,1.9,na,na
48603,2010,10,17,0,1.5,na,na
48603,2010,10,18,0,1.7,na,na
48603,2010,10,19,0,1.9,na,na
48603,2010,10,20,0,1.6,na,na
48603,2010,10,21,0,1.6,na,na
48603,2010,10,22,0,1.5,na,na
48603,2010,10,23,-33.3,1.8,na,na
48603,2010,10,24,0,1.9,na,na
48603,2010,10,25,0,1.6,na,na
48603,2010,10,26,4.4,2.3,na,na
48603,2010,10,27,-33.3,2.1,na,na
48603,2010,10,28,16.4,1.4,na,na
48603,2010,10,29,-33.3,1.1,na,na
48603,2010,10,30,18,1.9,na,na
48603,2010,10,31,113.4,1.3,na,na
48603,2010,11,1,114,1.8,na,na
48603,2010,11,2,-1.1,-1.1,na,na
48603,2010,11,3,-1.1,-1.1,na,na
48603,2010,11,4,-1.1,-1.1,na,na
48603,2010,11,5,-1.1,-1.1,na,na
48603,2010,11,6,-1.1,-1.1,na,na
48603,2010,11,7,-1.1,-1.1,na,na
48603,2010,11,8,-1.1,-1.1,na,na
48603,2010,11,9,-1.1,-1.1,na,na
48603,2010,11,10,-1.1,-1.1,na,na
48603,2010,11,11,11,-1.1,na,na
48603,2010,11,12,0,1.3,na,na
48603,2010,11,13,0,1.9,na,na
48603,2010,11,14,15.6,1.6,na,na
48603,2010,11,15,-33.3,1.9,na,na
48603,2010,11,16,20.6,1.4,na,na
48603,2010,11,17,25.4,1.2,na,na
48603,2010,11,18,46.4,1.5,na,na
48603,2010,11,19,0.4,1.7,na,na
48603,2010,11,20,0.2,1.3,na,na
48603,2010,11,21,0,1.6,na,na
48603,2010,11,22,10,1.7,na,na
48603,2010,11,23,7.2,1.5,na,na
48603,2010,11,24,90.6,1.5,na,na
48603,2010,11,25,-33.3,1.4,na,na
48603,2010,11,26,0,1.9,na,na
48603,2010,11,27,3.6,1.7,na,na
48603,2010,11,28,3.4,1.2,na,na
48603,2010,11,29,13.8,1.4,na,na
48603,2010,11,30,2.2,1.5,na,na
48603,2010,12,1,0.2,1.6,na,na
48603,2010,12,2,0.2,1.8,na,na
48603,2010,12,3,0,1.9,na,na
48603,2010,12,4,0.2,1.6,na,na
48603,2010,12,5,0,1.3,na,na
48603,2010,12,6,33.8,1.4,na,na
48603,2010,12,7,-33.3,1.2,na,na
48603,2010,12,8,0.2,1.6,na,na
48603,2010,12,9,8.8,1.8,na,na
48603,2010,12,10,20,1.1,na,na
48603,2010,12,11,2.2,1.5,na,na
48603,2010,12,12,4,1.4,na,na
48603,2010,12,13,2.2,1.6,na,na
48603,2010,12,14,0,1.4,na,na
48603,2010,12,15,4,1.4,na,na
48603,2010,12,16,10.2,1.5,na,na
48603,2010,12,17,0.4,1.2,na,na
48603,2010,12,18,-33.3,1.6,na,na
48603,2010,12,19,0,1.6,na,na
48603,2010,12,20,1.8,1.3,na,na
48603,2010,12,21,6.2,1.2,na,na
48603,2010,12,22,0,1.5,na,na
48603,2010,12,23,-33.3,1.1,na,na
48603,2010,12,24,0,1.6,na,na
48603,2010,12,25,0,1.4,na,na
48603,2010,12,26,0,2,na,na
48603,2010,12,27,0,1.7,na,na
48603,2010,12,28,3,1.7,na,na
48603,2010,12,29,1.8,1.4,na,na
48603,2010,12,30,48.8,1.7,na,na
48603,2010,12,31,3.8,1.6,na,na
48603,2011,1,1,0,2.3,na,na
48603,2011,1,2,34.6,2.1,na,na
48603,2011,1,3,6.6,2.4,na,na
48603,2011,1,4,0,2.1,na,na
48603,2011,1,5,2.6,2,na,na
48603,2011,1,6,5,1.9,na,na
48603,2011,1,7,0.8,1.6,na,na
48603,2011,1,8,0,3.1,na,na
48603,2011,1,9,0,2.2,na,na
48603,2011,1,10,0,1.9,na,na
48603,2011,1,11,0.4,1.5,na,na
48603,2011,1,12,0,1.4,na,na
48603,2011,1,13,0,1.3,na,na
48603,2011,1,14,1,1.3,na,na
48603,2011,1,15,0,1.6,na,na
48603,2011,1,16,0,1.8,na,na
48603,2011,1,17,6.2,1.5,na,na
48603,2011,1,18,0,1.6,na,na
48603,2011,1,19,0,1.6,na,na
48603,2011,1,20,0,1.5,na,na
48603,2011,1,21,0,1.6,na,na
48603,2011,1,22,0,1.6,na,na
48603,2011,1,23,0,1.8,na,na
48603,2011,1,24,0,2.3,na,na
48603,2011,1,25,0,2.8,na,na
48603,2011,1,26,-33.3,2.8,na,na
48603,2011,1,27,0.4,2.5,na,na
48603,2011,1,28,0,2.9,na,na
48603,2011,1,29,0,-1.1,na,na
48603,2011,1,30,0,-1.1,na,na
48603,2011,1,31,0,-1.1,na,na
48603,2011,2,1,0,-1.1,na,na
48603,2011,2,2,0,4.5,na,na
48603,2011,2,3,0,3.3,na,na
48603,2011,2,4,0,2.9,na,na
48603,2011,2,5,0,2.9,na,na
48603,2011,2,6,0,2.3,na,na
48603,2011,2,7,0,2,na,na
48603,2011,2,8,0,1.8,na,na
48603,2011,2,9,0,1.4,na,na
48603,2011,2,10,23.6,1.3,na,na
48603,2011,2,11,0,1.6,na,na
48603,2011,2,12,0,1.6,na,na
48603,2011,2,13,0,1.9,na,na
48603,2011,2,14,0,1.7,na,na
48603,2011,2,15,17.6,1.8,na,na
48603,2011,2,16,0,1.5,na,na
48603,2011,2,17,0,1.9,na,na
48603,2011,2,18,0,2.1,na,na
48603,2011,2,19,0,2,na,na
48603,2011,2,20,0,1.6,na,na
48603,2011,2,21,0,1.6,na,na
48603,2011,2,22,0,2.5,na,na
48603,2011,2,23,0,2,na,na
48603,2011,2,24,0,1.3,na,na
48603,2011,2,25,0,2,na,na
48603,2011,2,26,0,1.7,na,na
48603,2011,2,27,0,2.3,na,na
48603,2011,2,28,0,1.7,na,na
48603,2011,3,1,0,1.5,na,na
48603,2011,3,2,0,1.5,na,na
48603,2011,3,3,0,2.2,na,na
48603,2011,3,4,17.4,1.7,na,na
48603,2011,3,5,-33.3,1.4,na,na
48603,2011,3,6,8,1.6,na,na
48603,2011,3,7,12,1.2,na,na
48603,2011,3,8,16,1,na,na
48603,2011,3,9,10.2,2.2,na,na
48603,2011,3,10,3.8,1.8,na,na
48603,2011,3,11,0.8,1.8,na,na
48603,2011,3,12,-33.3,2.4,na,na
48603,2011,3,13,0,2.5,na,na
48603,2011,3,14,31,1.9,na,na
48603,2011,3,15,0,1.5,na,na
48603,2011,3,16,29.6,1.6,na,na
48603,2011,3,17,-33.3,1.8,na,na
48603,2011,3,18,7,1.1,na,na
48603,2011,3,19,0,1.3,na,na
48603,2011,3,20,20,1.3,na,na
48603,2011,3,21,0.6,1.1,na,na
48603,2011,3,22,45.4,1.7,na,na
48603,2011,3,23,65.8,1.2,na,na
48603,2011,3,24,5.6,1,na,na
48603,2011,3,25,14.2,1.5,na,na
48603,2011,3,26,20.6,2.2,na,na
48603,2011,3,27,0,1.3,na,na
48603,2011,3,28,11.8,1.8,na,na
48603,2011,3,29,79,2.2,na,na
48603,2011,3,30,17.4,1.3,na,na
48603,2011,3,31,0,1.3,na,na
48603,2011,4,1,15.4,1.8,na,na
48603,2011,4,2,0,1.6,na,na
48603,2011,4,3,0,1.4,na,na
48603,2011,4,4,0,1.4,na,na
48603,2011,4,5,0,1.4,na,na
48603,2011,4,6,14.8,1.5,na,na
48603,2011,4,7,0.8,1.3,na,na
48603,2011,4,8,0,2.2,na,na
48603,2011,4,9,0,2.5,na,na
48603,2011,4,10,0,1.9,na,na
48603,2011,4,11,23.8,1.7,na,na
48603,2011,4,12,0,1.6,na,na
48603,2011,4,13,0,1.4,na,na
48603,2011,4,14,0.2,1.7,na,na
48603,2011,4,15,1.4,1.5,na,na
48603,2011,4,16,0,1.7,na,na
48603,2011,4,17,0,1.8,na,na
48603,2011,4,18,1.6,2.1,na,na
48603,2011,4,19,0,1.9,na,na
48603,2011,4,20,0,1.4,na,na
48603,2011,4,21,8.4,1.6,na,na
48603,2011,4,22,3.2,1.4,na,na
48603,2011,4,23,3,2.2,na,na
48603,2011,4,24,0,1.5,na,na
48603,2011,4,25,0,1.3,na,na
48603,2011,4,26,0,1.7,na,na
48603,2011,4,27,0,1.4,na,na
48603,2011,4,28,2.6,1.5,na,na
48603,2011,4,29,20.2,1.1,na,na
48603,2011,4,30,0.8,1.9,na,na
48603,2011,5,1,23,1.8,na,na
48603,2011,5,2,0.2,2,na,na
48603,2011,5,3,1.8,1.7,na,na
48603,2011,5,4,1.2,1.9,na,na
48603,2011,5,5,0,1.6,na,na
48603,2011,5,6,0,1.9,na,na
48603,2011,5,7,0,1.5,na,na
48603,2011,5,8,0.6,1.6,na,na
48603,2011,5,9,0,1.9,na,na
48603,2011,5,10,4,1.8,na,na
48603,2011,5,11,1.2,1.6,na,na
48603,2011,5,12,1.6,1.8,na,na
48603,2011,5,13,0,2,na,na
48603,2011,5,14,0,1.7,na,na
48603,2011,5,15,0.2,1.9,na,na
48603,2011,5,16,0,1.3,na,na
48603,2011,5,17,56.4,1.8,na,na
48603,2011,5,18,21.2,1.6,na,na
48603,2011,5,19,3.6,1.9,na,na
48603,2011,5,20,7.2,1.9,na,na
48603,2011,5,21,0,1.7,na,na
48603,2011,5,22,0,1.8,na,na
48603,2011,5,23,0,1.8,na,na
48603,2011,5,24,-33.3,2.1,na,na
48603,2011,5,25,2.8,1.5,na,na
48603,2011,5,26,5.2,1.6,na,na
48603,2011,5,27,9.4,1.4,na,na
48603,2011,5,28,-33.3,1.5,na,na
48603,2011,5,29,0,2,na,na
48603,2011,5,30,0,1.3,na,na
48603,2011,5,31,7.2,1.4,na,na
48603,2011,6,1,0.8,1.5,na,na
48603,2011,6,2,0.4,1.5,na,na
48603,2011,6,3,5.6,1.9,na,na
48603,2011,6,4,0.4,1.7,na,na
48603,2011,6,5,17.2,1.7,na,na
48603,2011,6,6,0,1.4,na,na
48603,2011,6,7,0,1.4,na,na
48603,2011,6,8,-33.3,1.8,na,na
48603,2011,6,9,-33.3,1.5,na,na
48603,2011,6,10,0.4,1.5,na,na
48603,2011,6,11,0,1.5,na,na
48603,2011,6,12,-33.3,1.4,na,na
48603,2011,6,13,-33.3,1.4,na,na
48603,2011,6,14,0,1.2,na,na
48603,2011,6,15,2.6,1.8,na,na
48603,2011,6,16,8.6,1.1,na,na
48603,2011,6,17,3.4,1.5,na,na
48603,2011,6,18,0.6,1.2,na,na
48603,2011,6,19,11.2,1.5,na,na
48603,2011,6,20,8.8,1.5,na,na
48603,2011,6,21,3.2,1.2,na,na
48603,2011,6,22,6.8,1.6,na,na
48603,2011,6,23,0,1.3,na,na
48603,2011,6,24,3.6,1.5,na,na
48603,2011,6,25,0,1.5,na,na
48603,2011,6,26,4,1.6,na,na
48603,2011,6,27,0.2,1.6,na,na
48603,2011,6,28,0,1.7,na,na
48603,2011,6,29,5.8,1.9,na,na
48603,2011,6,30,0,1.1,na,na
48603,2011,7,1,0,1.3,na,na
48603,2011,7,2,27.6,1.5,na,na
48603,2011,7,3,30.2,1.1,na,na
48603,2011,7,4,0,1.4,na,na
48603,2011,7,5,0,1.3,na,na
48603,2011,7,6,0,1.3,na,na
48603,2011,7,7,0,1.4,na,na
48603,2011,7,8,0,1.5,na,na
48603,2011,7,9,0,1.3,na,na
48603,2011,7,10,4.6,1.5,na,na
48603,2011,7,11,47.4,1.5,na,na
48603,2011,7,12,0.2,1.5,na,na
48603,2011,7,13,0.8,1.5,na,na
48603,2011,7,14,0,1.8,na,na
48603,2011,7,15,-33.3,1.5,na,na
48603,2011,7,16,0,1.4,na,na
48603,2011,7,17,0,1.6,na,na
48603,2011,7,18,0,1.4,na,na
48603,2011,7,19,0,2,na,na
48603,2011,7,20,0,1.7,na,na
48603,2011,7,21,0,1.6,na,na
48603,2011,7,22,0.4,1.6,na,na
48603,2011,7,23,0,1.5,na,na
48603,2011,7,24,15.8,1.4,na,na
48603,2011,7,25,-33.3,1.7,na,na
48603,2011,7,26,-33.3,1.3,na,na
48603,2011,7,27,-33.3,1.3,na,na
48603,2011,7,28,0.2,1.3,na,na
48603,2011,7,29,0,1.7,na,na
48603,2011,7,30,2,1.4,na,na
48603,2011,7,31,0,1.6,na,na
48603,2011,8,1,0,1.7,na,na
48603,2011,8,2,0,1.6,na,na
48603,2011,8,3,27.8,1.8,na,na
48603,2011,8,4,0,1.4,na,na
48603,2011,8,5,0,1.6,na,na
48603,2011,8,6,0,1.7,na,na
48603,2011,8,7,1.6,1.7,na,na
48603,2011,8,8,0,1.4,na,na
48603,2011,8,9,0.2,1.4,na,na
48603,2011,8,10,0,2,na,na
48603,2011,8,11,0.2,1.8,na,na
48603,2011,8,12,0.8,1.2,na,na
48603,2011,8,13,35.2,1.4,na,na
48603,2011,8,14,29,1.8,na,na
48603,2011,8,15,0,1.2,na,na
48603,2011,8,16,0,1.5,na,na
48603,2011,8,17,3,1.8,na,na
48603,2011,8,18,2.8,1.6,na,na
48603,2011,8,19,4.4,1.7,na,na
48603,2011,8,20,0.2,1.8,na,na
48603,2011,8,21,-33.3,1.3,na,na
48603,2011,8,22,3.4,1.5,na,na
48603,2011,8,23,9.4,1.7,na,na
48603,2011,8,24,64.8,1.8,na,na
48603,2011,8,25,53.8,1.5,na,na
48603,2011,8,26,28,1.8,na,na
48603,2011,8,27,4.6,1.9,na,na
48603,2011,8,28,46,2.1,na,na
48603,2011,8,29,4.6,1.7,na,na
48603,2011,8,30,0,0.9,na,na
48603,2011,8,31,-33.3,1.9,na,na
48603,2011,9,1,0,1.1,na,na
48603,2011,9,2,0,1.5,na,na
48603,2011,9,3,0,1.6,na,na
48603,2011,9,4,0,1.7,na,na
48603,2011,9,5,0,2,na,na
48603,2011,9,6,0.4,1.7,na,na
48603,2011,9,7,0,1.9,na,na
48603,2011,9,8,0,1.9,na,na
48603,2011,9,9,4.4,1.5,na,na
48603,2011,9,10,70.4,1.8,na,na
48603,2011,9,11,11.2,2,na,na
48603,2011,9,12,0,1.7,na,na
48603,2011,9,13,1,1.7,na,na
48603,2011,9,14,0,2,na,na
48603,2011,9,15,0,1.5,na,na
48603,2011,9,16,0,1.4,na,na
48603,2011,9,17,0,1.7,na,na
48603,2011,9,18,7.8,1.9,na,na
48603,2011,9,19,3.4,1.5,na,na
48603,2011,9,20,2.2,1.5,na,na
48603,2011,9,21,0,1.7,na,na
48603,2011,9,22,-33.3,1.5,na,na
48603,2011,9,23,-33.3,1.4,na,na
48603,2011,9,24,0,1.5,na,na
48603,2011,9,25,14.8,1.6,na,na
48603,2011,9,26,0,2.2,na,na
48603,2011,9,27,12.8,1.8,na,na
48603,2011,9,28,-33.3,1.3,na,na
48603,2011,9,29,0,1.3,na,na
48603,2011,9,30,0,1.4,na,na
48603,2011,10,1,2.8,1.5,na,na
48603,2011,10,2,1.2,1.8,na,na
48603,2011,10,3,12.6,2,na,na
48603,2011,10,4,36.4,1.7,na,na
48603,2011,10,5,2.8,1.6,na,na
48603,2011,10,6,0,1.4,na,na
48603,2011,10,7,0,1.5,na,na
48603,2011,10,8,32.4,1.6,na,na
48603,2011,10,9,6.8,1.9,na,na
48603,2011,10,10,12,1.8,na,na
48603,2011,10,11,0,1.9,na,na
48603,2011,10,12,5.2,1.7,na,na
48603,2011,10,13,0,1.6,na,na
48603,2011,10,14,0,1.4,na,na
48603,2011,10,15,22.2,1.9,na,na
48603,2011,10,16,1.8,1.5,na,na
48603,2011,10,17,0,1.4,na,na
48603,2011,10,18,0,1.8,na,na
48603,2011,10,19,5.6,1.6,na,na
48603,2011,10,20,14.4,1.2,na,na
48603,2011,10,21,0,1.4,na,na
48603,2011,10,22,55.4,1.7,na,na
48603,2011,10,23,6.2,1,na,na
48603,2011,10,24,0,1.8,na,na
48603,2011,10,25,0.2,2,na,na
48603,2011,10,26,0.8,1.6,na,na
48603,2011,10,27,-33.3,1.9,na,na
48603,2011,10,28,0,2.1,na,na
48603,2011,10,29,0,2.5,na,na
48603,2011,10,30,0,1.8,na,na
48603,2011,10,31,2,2.5,na,na
48603,2011,11,1,0,2.3,na,na
48603,2011,11,2,0,1.9,na,na
48603,2011,11,3,0.6,1.4,na,na
48603,2011,11,4,35.4,1.5,na,na
48603,2011,11,5,8.6,1.8,na,na
48603,2011,11,6,6.8,1.6,na,na
48603,2011,11,7,4,1.8,na,na
48603,2011,11,8,-33.3,1.7,na,na
48603,2011,11,9,0,1.8,na,na
48603,2011,11,10,0,1.9,na,na
48603,2011,11,11,8,1.2,na,na
48603,2011,11,12,0.2,1.9,na,na
48603,2011,11,13,19.6,1.7,na,na
48603,2011,11,14,1.8,1.3,na,na
48603,2011,11,15,0,2,na,na
48603,2011,11,16,0,1.7,na,na
48603,2011,11,17,13.8,1.2,na,na
48603,2011,11,18,34.6,1.4,na,na
48603,2011,11,19,-33.3,1.3,na,na
48603,2011,11,20,0.6,2.3,na,na
48603,2011,11,21,1.2,2,na,na
48603,2011,11,22,6,2.2,na,na
48603,2011,11,23,17.4,2.1,na,na
48603,2011,11,24,0.6,3.4,na,na
48603,2011,11,25,2.4,2.6,na,na
48603,2011,11,26,28.6,1.6,na,na
48603,2011,11,27,0,1.8,na,na
48603,2011,11,28,25.2,1.4,na,na
48603,2011,11,29,0,2.2,na,na
48603,2011,11,30,0,2.3,na,na
48603,2011,12,1,4.2,1.9,na,na
48603,2011,12,2,0,1.8,na,na
48603,2011,12,3,0,1.5,na,na
48603,2011,12,4,5.2,1.7,na,na
48603,2011,12,5,0,1.1,na,na
48603,2011,12,6,0,1.3,na,na
48603,2011,12,7,0,1.5,na,na
48603,2011,12,8,47.8,1.7,na,na
48603,2011,12,9,0,1.6,na,na
48603,2011,12,10,0,2.4,na,na
48603,2011,12,11,5.8,2.3,na,na
48603,2011,12,12,0,2,na,na
48603,2011,12,13,0,1.8,na,na
48603,2011,12,14,0,1.8,na,na
48603,2011,12,15,1.4,1.6,na,na
48603,2011,12,16,7.6,1.9,na,na
48603,2011,12,17,0,3.6,na,na
48603,2011,12,18,0,2.5,na,na
48603,2011,12,19,-33.3,1.6,na,na
48603,2011,12,20,0.2,1.6,na,na
48603,2011,12,21,0.4,1.5,na,na
48603,2011,12,22,0,2.8,na,na
48603,2011,12,23,0,1.9,na,na
48603,2011,12,24,0,2.5,na,na
48603,2011,12,25,0,2.9,na,na
48603,2011,12,26,0,2.9,na,na
48603,2011,12,27,0,2.5,na,na
48603,2011,12,28,0,3,na,na
48603,2011,12,29,0,1.9,na,na
48603,2011,12,30,6.8,2.6,na,na
48603,2011,12,31,33.6,1.8,na,na
48603,2012,1,1,7.6,1.1,na,5.25
48603,2012,1,2,0,1.4,na,23.63
48603,2012,1,3,6.8,1.4,na,17.25
48603,2012,1,4,0,2.3,na,23.01
48603,2012,1,5,0,3,na,23.94
48603,2012,1,6,0,2.5,na,23.89
48603,2012,1,7,0,2.6,na,21.23
48603,2012,1,8,0,2.1,na,14.57
48603,2012,1,9,0,1.5,na,16.32
48603,2012,1,10,3.6,2,na,11.73
48603,2012,1,11,0.8,2.2,na,17.2
48603,2012,1,12,9.4,1.3,na,5.69
48603,2012,1,13,6.8,2.1,na,10.78
48603,2012,1,14,0.4,1.8,na,17.6
48603,2012,1,15,0,1.6,na,19.26
48603,2012,1,16,0,1.1,na,18.15
48603,2012,1,17,6.8,1.3,na,17.52
48603,2012,1,18,9,1.5,na,18.72
48603,2012,1,19,0.4,1.4,na,18.13
48603,2012,1,20,0,1.2,na,18.33
48603,2012,1,21,0,1.4,na,19.48
48603,2012,1,22,10.6,1.3,na,21.73
48603,2012,1,23,0,1.4,na,21.15
48603,2012,1,24,0,1.8,na,24.18
48603,2012,1,25,0,2.3,na,22.85
48603,2012,1,26,0,2.6,na,23.9
48603,2012,1,27,0,2.8,na,23.76
48603,2012,1,28,0,2.1,na,20.66
48603,2012,1,29,0,1.9,na,16.06
48603,2012,1,30,0.2,1.4,na,11.43
48603,2012,1,31,0,1.9,na,17.59
48603,2012,2,1,0,2.8,na,21.71
48603,2012,2,2,0.4,2,na,19.73
48603,2012,2,3,0,1.8,na,18.01
48603,2012,2,4,0,2.6,na,22.37
48603,2012,2,5,0,2.3,na,-1.11
48603,2012,2,6,0,2.4,na,-1.11
48603,2012,2,7,0,1.7,na,25.12
48603,2012,2,8,0,2.1,na,23.41
48603,2012,2,9,0,2.9,na,24.8
48603,2012,2,10,0,2.8,na,23.74
48603,2012,2,11,0,2.6,na,22.99
48603,2012,2,12,0.2,3.1,na,23.06
48603,2012,2,13,1.2,2.1,na,23.3
48603,2012,2,14,0,1.9,na,22.97
48603,2012,2,15,0,1.9,na,22.38
48603,2012,2,16,0,1.7,na,21.22
48603,2012,2,17,52.4,1.8,na,21.02
48603,2012,2,18,26.2,1.6,na,16.4
48603,2012,2,19,27.6,1.5,na,22.04
48603,2012,2,20,0,1.3,na,19.25
48603,2012,2,21,-33.3,1.5,na,21.17
48603,2012,2,22,22.8,1.5,na,19.47
48603,2012,2,23,0,1.6,na,22.91
48603,2012,2,24,4.4,1.7,na,18.93
48603,2012,2,25,2.6,1.3,na,17.71
48603,2012,2,26,0,1.4,na,23.64
48603,2012,2,27,26.8,1.6,na,20.04
48603,2012,2,28,10.2,1.8,na,23.15
48603,2012,2,29,22.2,1.5,na,15.02
48603,2012,3,1,0.2,1.4,na,22.95
48603,2012,3,2,1.8,1.8,na,18.54
48603,2012,3,3,2.2,1.4,na,6.67
48603,2012,3,4,0.4,1.5,na,19.69
48603,2012,3,5,9.8,1.8,na,23.44
48603,2012,3,6,2.2,1.5,na,18.49
48603,2012,3,7,47.4,1.7,na,20.87
48603,2012,3,8,2,1.9,na,13.69
48603,2012,3,9,0.4,1.9,na,24.59
48603,2012,3,10,1,1.7,na,20.87
48603,2012,3,11,0,2,na,25.36
48603,2012,3,12,66.6,1.7,na,15.36
48603,2012,3,13,0,1.7,na,17.13
48603,2012,3,14,0,1.6,na,23.36
48603,2012,3,15,0,2.2,na,23.51
48603,2012,3,16,0,1.5,na,24.19
48603,2012,3,17,0,1.6,na,21.2
48603,2012,3,18,0,1.2,na,19
48603,2012,3,19,0,1.5,na,24.93
48603,2012,3,20,14.4,1.4,na,16.28
48603,2012,3,21,0,1.6,na,23.12
48603,2012,3,22,0,1.6,na,24.85
48603,2012,3,23,0,1.5,na,24.35
48603,2012,3,24,0,2,na,21.69
48603,2012,3,25,19.2,1.7,na,19.94
48603,2012,3,26,2.8,1.3,na,23.58
48603,2012,3,27,1.4,1.6,na,10.93
48603,2012,3,28,50,1.5,na,20.97
48603,2012,3,29,0,1.4,na,22.65
48603,2012,3,30,0,1.5,na,20.27
48603,2012,3,31,0,2.1,na,15.71
48603,2012,4,1,0,1.7,na,21.53
48603,2012,4,2,35.6,1,na,16.02
48603,2012,4,3,34.6,1.3,na,-1.11
48603,2012,4,4,35.2,2,na,24.48
48603,2012,4,5,0.4,2,na,26.52
48603,2012,4,6,29.4,1.3,na,16.54
48603,2012,4,7,0,1.8,na,25.66
48603,2012,4,8,0,2.1,na,25.08
48603,2012,4,9,18.8,1.5,na,22.79
48603,2012,4,10,-33.3,1.5,na,19.93
48603,2012,4,11,19,1.7,na,25.91
48603,2012,4,12,49.4,2.2,na,19.11
48603,2012,4,13,0,1.8,na,24.92
48603,2012,4,14,56.8,1.6,na,21.02
48603,2012,4,15,1,1.7,na,23.76
48603,2012,4,16,5.4,1.8,na,23.45
48603,2012,4,17,0,2.2,na,25.08
48603,2012,4,18,9.8,1.9,na,24.27
48603,2012,4,19,9.4,1.9,na,17.65
48603,2012,4,20,14.4,1.8,na,25.38
48603,2012,4,21,0.6,2.5,na,23.01
48603,2012,4,22,24,2,na,23.22
48603,2012,4,23,24.6,1.8,na,25.88
48603,2012,4,24,0,2,na,24.75
48603,2012,4,25,8,1.7,na,17.12
48603,2012,4,26,0,2.6,na,24.77
48603,2012,4,27,0,2,na,20.08
48603,2012,4,28,0.2,1.9,na,14.54
48603,2012,4,29,12.4,1.4,na,10.87
48603,2012,4,30,0,1.3,na,14.14
48603,2012,5,1,1.4,1.9,na,24.12
48603,2012,5,2,5.2,2.2,na,15.17
48603,2012,5,3,1.2,2,na,13.7
48603,2012,5,4,2.8,2.2,na,11.96
48603,2012,5,5,7.2,1.8,na,18.46
48603,2012,5,6,30.6,1.7,na,16.41
48603,2012,5,7,0,1.9,na,23.62
48603,2012,5,8,0,1.1,na,14.89
48603,2012,5,9,0,2,na,24.73
48603,2012,5,10,0,2,na,24.77
48603,2012,5,11,17.4,1.8,na,24.04
48603,2012,5,12,12,1.9,na,20.27
48603,2012,5,13,-33.3,1.8,na,20.65
48603,2012,5,14,2.4,2.2,na,17.93
48603,2012,5,15,-33.3,2,na,15.42
48603,2012,5,16,27.6,1.8,na,13.28
48603,2012,5,17,0,2.2,na,18.04
48603,2012,5,18,0,2,na,19.73
48603,2012,5,19,0,1.7,na,19.4
48603,2012,5,20,3,1.7,na,24.35
48603,2012,5,21,0,2.2,na,22.48
48603,2012,5,22,0,2.3,na,24.37
48603,2012,5,23,30,2.3,na,16.38
48603,2012,5,24,49.6,1.9,na,12.6
48603,2012,5,25,3,1.6,na,11.41
48603,2012,5,26,-33.3,1.5,na,23.45
48603,2012,5,27,2.2,2,na,20.03
48603,2012,5,28,0.6,2,na,19.82
48603,2012,5,29,14.4,1.4,na,20.66
48603,2012,5,30,1.4,1.5,na,23.2
48603,2012,5,31,2.6,1.5,na,15.63
48603,2012,6,1,0.6,1.5,na,14.48
48603,2012,6,2,3.4,1.6,na,16.24
48603,2012,6,3,0,1.6,na,23.7
48603,2012,6,4,0,1.6,na,19.94
48603,2012,6,5,10,1.8,na,16.54
48603,2012,6,6,7.8,3.6,na,19.57
48603,2012,6,7,14.2,2.5,na,14.54
48603,2012,6,8,23.8,2.4,na,22.15
48603,2012,6,9,0.2,1.2,na,14.54
48603,2012,6,10,0,2.1,na,21.95
48603,2012,6,11,0,1.3,na,20.91
48603,2012,6,12,0,1.5,na,21.35
48603,2012,6,13,0,1.4,na,23.18
48603,2012,6,14,0,1.6,na,20.4
48603,2012,6,15,0,1.5,na,23.78
48603,2012,6,16,0,1.7,na,22.82
48603,2012,6,17,1.6,1.7,na,18.69
48603,2012,6,18,0,1.4,na,19.66
48603,2012,6,19,0,1.6,na,21.09
48603,2012,6,20,0,1.5,na,20.84
48603,2012,6,21,0,1.8,na,21.9
48603,2012,6,22,1,1.5,na,22.58
48603,2012,6,23,7.8,2.3,na,21.02
48603,2012,6,24,0,1.5,na,20.62
48603,2012,6,25,0,1.4,na,19.86
48603,2012,6,26,0,1.7,na,21.35
48603,2012,6,27,0,1.5,na,22.57
48603,2012,6,28,3.4,1.6,na,19.53
48603,2012,6,29,0,1.7,na,24.46
48603,2012,6,30,0.2,1.5,na,18.42
48603,2012,7,1,0,1.5,na,15.65
48603,2012,7,2,0.6,1.9,na,10.5
48603,2012,7,3,55,1.7,na,11.88
48603,2012,7,4,29.4,1.7,na,8.4
48603,2012,7,5,20.4,1.7,na,15.15
48603,2012,7,6,-33.3,1.4,na,21.05
48603,2012,7,7,27.2,1.7,na,17.94
48603,2012,7,8,4.2,1.8,na,18.32
48603,2012,7,9,5.2,1.7,na,15.23
48603,2012,7,10,41.4,1.6,na,21.57
48603,2012,7,11,8.6,2,na,11.99
48603,2012,7,12,0,1.1,na,20.9
48603,2012,7,13,0.2,1.6,na,23.27
48603,2012,7,14,4.2,1.7,na,11.1
48603,2012,7,15,0,1.8,na,19.74
48603,2012,7,16,5.8,1.9,na,23.47
48603,2012,7,17,0,1.9,na,21.45
48603,2012,7,18,2,1.6,na,18.54
48603,2012,7,19,15.6,1.4,na,10.64
48603,2012,7,20,0,1.1,na,21.31
48603,2012,7,21,28.8,1.6,na,22.62
48603,2012,7,22,-33.3,1.4,na,18.38
48603,2012,7,23,2.2,1.5,na,17.5
48603,2012,7,24,5.2,3,na,17.28
48603,2012,7,25,0,1.3,na,20.64
48603,2012,7,26,0,1.4,na,18.75
48603,2012,7,27,0,1.4,na,20.8
48603,2012,7,28,0,1.3,na,13.19
48603,2012,7,29,0,1.2,na,18.7
48603,2012,7,30,0,1.2,na,16.26
48603,2012,7,31,0,1.6,na,17.91
48603,2012,8,1,0,1.7,na,19.56
48603,2012,8,2,3,1.8,na,15.57
48603,2012,8,3,3,1.2,na,19.11
48603,2012,8,4,0,1.9,na,25.07
48603,2012,8,5,0,1.5,na,23.81
48603,2012,8,6,33.6,1.8,na,24.91
48603,2012,8,7,-33.3,1.9,na,23.29
48603,2012,8,8,0,1.5,na,22.09
48603,2012,8,9,0,1.6,na,18.03
48603,2012,8,10,0,1.7,na,19.62
48603,2012,8,11,0,1.6,na,21.7
48603,2012,8,12,0,1.3,na,18.19
48603,2012,8,13,0,1.7,na,23.13
48603,2012,8,14,0,1.7,na,22.53
48603,2012,8,15,0,1.6,na,25.39
48603,2012,8,16,-33.3,1.6,na,21.81
48603,2012,8,17,30.2,1.3,na,9.16
48603,2012,8,18,-33.3,1.5,na,18.9
48603,2012,8,19,0,1.6,na,23.65
48603,2012,8,20,0,1.7,na,18.19
48603,2012,8,21,-33.3,1.6,na,21.09
48603,2012,8,22,10,2.6,na,20.92
48603,2012,8,23,1.2,2.1,na,18.27
48603,2012,8,24,68.8,1.9,na,11.05
48603,2012,8,25,0,1.4,na,20.6
48603,2012,8,26,5.4,1.3,na,14.69
48603,2012,8,27,41,1.7,na,13.09
48603,2012,8,28,3.2,2.3,na,9.58
48603,2012,8,29,0,1,na,17.35
48603,2012,8,30,0,1.3,na,23.81
48603,2012,8,31,0,1.4,na,23.23
48603,2012,9,1,0,1.6,na,22.42
48603,2012,9,2,0,1.4,na,21.31
48603,2012,9,3,0,1.2,na,20.64
48603,2012,9,4,0,1.7,na,23.85
48603,2012,9,5,21.6,1.9,na,10.36
48603,2012,9,6,13.2,1.5,na,8.49
48603,2012,9,7,0,1.2,na,19.05
48603,2012,9,8,138.4,1.1,na,9.76
48603,2012,9,9,0,1.5,na,25.74
48603,2012,9,10,2.2,1.8,na,21.44
48603,2012,9,11,0.6,2.2,na,15.22
48603,2012,9,12,95.4,1.8,na,17.97
48603,2012,9,13,58.8,2,na,7.21
48603,2012,9,14,7.6,1.7,na,12.62
48603,2012,9,15,5.8,1.6,na,15.61
48603,2012,9,16,14.4,0.9,na,12.37
48603,2012,9,17,0,1.3,na,23.76
48603,2012,9,18,12,1.6,na,20.81
48603,2012,9,19,4.8,1.6,na,17.3
48603,2012,9,20,3.6,1.8,na,15.25
48603,2012,9,21,8.4,1.9,na,24.03
48603,2012,9,22,0.2,2.2,na,21.83
48603,2012,9,23,0.4,1.8,na,23.11
48603,2012,9,24,20.8,1.3,na,9.87
48603,2012,9,25,20.8,1.6,na,12.54
48603,2012,9,26,36.4,1.6,na,7.35
48603,2012,9,27,21.4,1.5,na,14.25
48603,2012,9,28,9,1.5,na,11.33
48603,2012,9,29,0,1.1,na,18.43
48603,2012,9,30,0,1.4,na,23.86
48603,2012,10,1,0,1.3,na,18.23
48603,2012,10,2,0,1.5,na,20.34
48603,2012,10,3,0,1.7,na,21.71
48603,2012,10,4,56.4,1.4,na,14.26
48603,2012,10,5,5.2,1.9,na,17.35
48603,2012,10,6,4,1.7,na,18.43
48603,2012,10,7,1.6,1.3,na,7.58
48603,2012,10,8,0,1.8,na,-1.11
48603,2012,10,9,0,1.7,na,22.79
48603,2012,10,10,82.4,1.4,na,17.95
48603,2012,10,11,0.8,1.4,na,15.8
48603,2012,10,12,7.6,0.9,na,22.08
48603,2012,10,13,13.4,1.5,na,18.01
48603,2012,10,14,0.6,1.1,na,20.12
48603,2012,10,15,0.8,1.6,na,18
48603,2012,10,16,56.6,1.3,na,12.39
48603,2012,10,17,1.4,1.4,na,22.13
48603,2012,10,18,0,1.5,na,18.16
48603,2012,10,19,0,1.8,na,13.36
48603,2012,10,20,0,1.9,na,19.65
48603,2012,10,21,3.8,1,na,11.51
48603,2012,10,22,-33.3,1.6,na,9.89
48603,2012,10,23,0,1.6,na,16.5
48603,2012,10,24,0,1.7,na,17.73
48603,2012,10,25,0.2,1.7,na,17.1
48603,2012,10,26,19,1.6,na,21.18
48603,2012,10,27,0,1.5,na,23.7
48603,2012,10,28,0,1.7,na,25.68
48603,2012,10,29,0,1.6,na,23.06
48603,2012,10,30,-33.3,1.4,na,18.86
48603,2012,10,31,3.4,1,na,16.92
48603,2012,11,1,0,1.2,na,19.32
48603,2012,11,2,0,1.6,na,21.71
48603,2012,11,3,11.6,1.1,na,18.42
48603,2012,11,4,76.4,1.5,na,16.57
48603,2012,11,5,0,1.3,na,12.75
48603,2012,11,6,0,1.4,na,20.55
48603,2012,11,7,0,1.7,na,22.99
48603,2012,11,8,3.4,1.6,na,17.75
48603,2012,11,9,0,1,na,16.08
48603,2012,11,10,8.6,1.4,na,21.46
48603,2012,11,11,40.6,1.4,na,14.79
48603,2012,11,12,0.6,1.2,na,18.85
48603,2012,11,13,0,1.9,na,23.37
48603,2012,11,14,0,1.7,na,21.28
48603,2012,11,15,0,1.2,na,22.01
48603,2012,11,16,0,1.6,na,24.5
48603,2012,11,17,12.4,1.2,na,17.1
48603,2012,11,18,1.8,1.4,na,17.77
48603,2012,11,19,1,1.5,na,11.92
48603,2012,11,20,6.4,1.5,na,22.19
48603,2012,11,21,0,1.4,na,15.63
48603,2012,11,22,0,1.4,na,19.94
48603,2012,11,23,14.6,1,na,12.53
48603,2012,11,24,85.2,1.4,na,11.06
48603,2012,11,25,0.2,1.3,na,19.05
48603,2012,11,26,64.8,1.1,na,18.22
48603,2012,11,27,0.6,1.3,na,16.28
48603,2012,11,28,17,1.2,na,16.92
48603,2012,11,29,10.6,1.5,na,20.49
48603,2012,11,30,0,1.1,na,16.63
48603,2012,12,1,31.8,1.6,na,15
48603,2012,12,2,2,1.5,na,15.91
48603,2012,12,3,0,1.9,na,22.78
48603,2012,12,4,0,1.8,na,21.18
48603,2012,12,5,0,1.4,na,17.58
48603,2012,12,6,0,1.5,na,16.82
48603,2012,12,7,0,1.9,na,20.95
48603,2012,12,8,0,1.6,na,22.08
48603,2012,12,9,21.6,1.7,na,19.88
48603,2012,12,10,0.8,1.1,na,15.62
48603,2012,12,11,2.6,1,na,-1.11
48603,2012,12,12,2.2,1.3,na,21.81
48603,2012,12,13,0,1.8,na,16.2
48603,2012,12,14,14.2,1.7,na,14.7
48603,2012,12,15,1,1.4,na,16.87
48603,2012,12,16,-33.3,1.7,na,13.38
48603,2012,12,17,-33.3,1.9,na,8.71
48603,2012,12,18,2,2,na,16.63
48603,2012,12,19,-33.3,2.3,na,14.6
48603,2012,12,20,0,2.2,na,14.8
48603,2012,12,21,0.4,2.3,na,15.18
48603,2012,12,22,2.8,1.8,na,14.64
48603,2012,12,23,1.6,2.6,na,16.92
48603,2012,12,24,1,2.6,na,8.93
48603,2012,12,25,0.8,2,na,13.49
48603,2012,12,26,-33.3,2.8,na,20.31
48603,2012,12,27,0,2.4,na,15.94
48603,2012,12,28,0,2.4,na,21.74
48603,2012,12,29,0,1.9,na,21.89
48603,2012,12,30,29.6,1.4,na,13.85
48603,2012,12,31,12.6,2,na,4.81
48603,2013,1,1,-33.3,2.1,na,10.4
48603,2013,1,2,11.4,1.7,na,11.64
48603,2013,1,3,7.6,0.8,na,4.41
48603,2013,1,4,0,2.4,na,19.8
48603,2013,1,5,0,1.6,na,23.12
48603,2013,1,6,0,1.4,na,16.36
48603,2013,1,7,0,1.1,na,13.73
48603,2013,1,8,0,1,na,11
48603,2013,1,9,-33.3,1.2,na,8.3
48603,2013,1,10,1,1.1,na,20.51
48603,2013,1,11,0,1.5,na,21.53
48603,2013,1,12,0,1.3,na,22.39
48603,2013,1,13,0,1.5,na,22.75
48603,2013,1,14,0,1.6,na,20.92
48603,2013,1,15,0,1.4,na,20.43
48603,2013,1,16,0,2.2,na,21.63
48603,2013,1,17,0,2.8,na,21.08
48603,2013,1,18,0,2.9,na,22.56
48603,2013,1,19,0,2.7,na,16.81
48603,2013,1,20,0,2.7,na,24.32
48603,2013,1,21,0,2.5,na,19.84
48603,2013,1,22,0,2.6,na,21.65
48603,2013,1,23,0,1.2,na,17.4
48603,2013,1,24,0,1.4,na,15.89
48603,2013,1,25,0,2,na,18.49
48603,2013,1,26,0,1.7,na,24.25
48603,2013,1,27,0,1.7,na,23.34
48603,2013,1,28,0,2.6,na,24.81
48603,2013,1,29,0,2.5,na,22.33
48603,2013,1,30,0,2.7,na,21.42
48603,2013,1,31,6.2,2.3,na,22.17
48603,2013,2,1,0,3,na,22.78
48603,2013,2,2,0,3.1,na,24.76
48603,2013,2,3,-33.3,2.3,na,14.17
48603,2013,2,4,0,2.5,na,18.71
48603,2013,2,5,0,2.3,na,23.49
48603,2013,2,6,0,2.3,na,24.09
48603,2013,2,7,12.6,1.1,na,15.25
48603,2013,2,8,0,1.2,na,16.52
48603,2013,2,9,0,2.5,na,-1.11
48603,2013,2,10,0,3.1,na,23.62
48603,2013,2,11,0,3.1,na,25.13
48603,2013,2,12,-33.3,2.1,na,9.94
48603,2013,2,13,0,2.5,na,19.25
48603,2013,2,14,0,2.4,na,22.48
48603,2013,2,15,5.2,1.5,na,21.64
48603,2013,2,16,0,2.7,na,19
48603,2013,2,17,14,1.5,na,15.35
48603,2013,2,18,0,2,na,24.9
48603,2013,2,19,0,1.9,na,22.8
48603,2013,2,20,0,2,na,25.09
48603,2013,2,21,0,2.3,na,23.05
48603,2013,2,22,0,1.6,na,13.92
48603,2013,2,23,1.4,2.2,na,14.83
48603,2013,2,24,10.4,1.2,na,9.8
48603,2013,2,25,15.4,1.5,na,7.87
48603,2013,2,26,19.8,1.6,na,3.55
48603,2013,2,27,2,1.5,na,17.76
48603,2013,2,28,6.2,1.6,na,15.5
48603,2013,3,1,4.4,1.4,na,19.65
48603,2013,3,2,0,1.3,na,18.1
48603,2013,3,3,0,1.5,na,19.25
48603,2013,3,4,0,2.8,na,23.96
48603,2013,3,5,0,3.1,na,22.94
48603,2013,3,6,0,2.7,na,23.23
48603,2013,3,7,0,1.9,na,16.27
48603,2013,3,8,0,2.3,na,22.26
48603,2013,3,9,0,1.4,na,19.58
48603,2013,3,10,0,1.6,na,18.47
48603,2013,3,11,0,1.6,na,22.96
48603,2013,3,12,0,1.9,na,22.06
48603,2013,3,13,0,2,na,24.55
48603,2013,3,14,0,2,na,23.57
48603,2013,3,15,13,1.7,na,21.85
48603,2013,3,16,19.8,1.5,na,19.03
48603,2013,3,17,0,1.9,na,26.72
48603,2013,3,18,0,1.7,na,23.8
48603,2013,3,19,0,1.9,na,24.51
48603,2013,3,20,0,1.7,na,27.23
48603,2013,3,21,5.6,1.6,na,23.77
48603,2013,3,22,3.4,1.5,na,19.32
48603,2013,3,23,0,1.6,na,23.23
48603,2013,3,24,0,1.7,na,26.4
48603,2013,3,25,0,1.8,na,25.16
48603,2013,3,26,0,1.8,na,21.7
48603,2013,3,27,5.6,1.5,na,21.63
48603,2013,3,28,0,1.7,na,20.13
48603,2013,3,29,0,1.8,na,25.33
48603,2013,3,30,0,2,na,25.7
48603,2013,3,31,0,1.8,na,20.64
48603,2013,4,1,9.6,1.9,na,23.24
48603,2013,4,2,27.4,1.6,na,20.64
48603,2013,4,3,0.4,1.5,na,20.35
48603,2013,4,4,0,1.8,na,19.34
48603,2013,4,5,5.6,2.4,na,17.38
48603,2013,4,6,-33.3,2.9,na,15.36
48603,2013,4,7,0,2.2,na,21.32
48603,2013,4,8,0,1.9,na,-1.11
48603,2013,4,9,9.4,1.4,na,16.83
48603,2013,4,10,8.6,1.3,na,14.84
48603,2013,4,11,6,1.3,na,19.05
48603,2013,4,12,0,2.7,na,22.18
48603,2013,4,13,1.2,1.2,na,13.35
48603,2013,4,14,0,1.6,na,16.75
48603,2013,4,15,0,2,na,24.67
48603,2013,4,16,15.2,2,na,25.36
48603,2013,4,17,39.2,1.5,na,6.71
48603,2013,4,18,0,1.6,na,24.71
48603,2013,4,19,0,1.9,na,23.76
48603,2013,4,20,0,1.5,na,25.37
48603,2013,4,21,-33.3,1.8,na,16.15
48603,2013,4,22,0,1.5,na,22.62
48603,2013,4,23,33,1.8,na,18.25
48603,2013,4,24,36.6,1.9,na,23.95
48603,2013,4,25,1.6,1.7,na,24.08
48603,2013,4,26,0.2,1.4,na,21.5
48603,2013,4,27,1.8,1.9,na,22.28
48603,2013,4,28,0.2,1.7,na,26.87
48603,2013,4,29,1.6,1.9,na,25.69
48603,2013,4,30,2.8,1.8,na,15.97
48603,2013,5,1,7.4,2.1,na,21.8
48603,2013,5,2,13.8,2.2,na,26.18
48603,2013,5,3,0,2,na,17.4
48603,2013,5,4,-33.3,1.7,na,18.28
48603,2013,5,5,12.2,1.6,na,18.37
48603,2013,5,6,26.4,1.3,na,16.16
48603,2013,5,7,5,1.1,na,20.94
48603,2013,5,8,-33.3,1.7,na,23.72
48603,2013,5,9,17,1.6,na,23.65
48603,2013,5,10,1.6,1.6,na,23.36
48603,2013,5,11,0,1.7,na,24.31
48603,2013,5,12,0,1.7,na,18.06
48603,2013,5,13,0,1.7,na,24.06
48603,2013,5,14,-33.3,1.6,na,16.38
48603,2013,5,15,0,2.1,na,19.75
48603,2013,5,16,0,1.7,na,23.24
48603,2013,5,17,0,1.7,na,13.36
48603,2013,5,18,0,1.9,na,21.82
48603,2013,5,19,3.8,1.6,na,22.83
48603,2013,5,20,5,1.2,na,13.71
48603,2013,5,21,0,2,na,22.66
48603,2013,5,22,0,2.1,na,24.12
48603,2013,5,23,0,2,na,20.19
48603,2013,5,24,0.2,2,na,17.47
48603,2013,5,25,0,2,na,20.13
48603,2013,5,26,0,1.4,na,20.74
48603,2013,5,27,0,1.6,na,25
48603,2013,5,28,1.2,1.4,na,17.29
48603,2013,5,29,0,1.6,na,21.93
48603,2013,5,30,1.4,2.1,na,18.75
48603,2013,5,31,0,2,na,20.53
48603,2013,6,1,0,1.4,na,21.1
48603,2013,6,2,26.2,1.5,na,9.5
48603,2013,6,3,2.8,1.5,na,22.4
48603,2013,6,4,0,1.6,na,19.99
48603,2013,6,5,0.6,1.8,na,-1.11
48603,2013,6,6,1.6,1.3,na,17.4
48603,2013,6,7,0,1.7,na,21.04
48603,2013,6,8,0,1.3,na,23.87
48603,2013,6,9,78.2,2.1,na,15.68
48603,2013,6,10,1.2,3,na,20.56
48603,2013,6,11,40.8,2.9,na,19.24
48603,2013,6,12,13,2.1,na,13.39
48603,2013,6,13,16,2,na,7.78
48603,2013,6,14,0,1.5,na,19.88
48603,2013,6,15,0,1.4,na,17.66
48603,2013,6,16,31.4,1.7,na,9.11
48603,2013,6,17,5,2.2,na,21.62
48603,2013,6,18,24,2.1,na,22
48603,2013,6,19,29,1.7,na,13.68
48603,2013,6,20,0,1.6,na,20.72
48603,2013,6,21,0,1.2,na,19.43
48603,2013,6,22,0,1.3,na,17.71
48603,2013,6,23,0,1.4,na,21.19
48603,2013,6,24,0,1.2,na,19.3
48603,2013,6,25,0,1.5,na,20.58
48603,2013,6,26,-33.3,1.9,na,19.42
48603,2013,6,27,-33.3,1.7,na,18.82
48603,2013,6,28,0,2.1,na,22.97
48603,2013,6,29,0,1.5,na,23.02
48603,2013,6,30,9.4,1.6,na,23.79
48603,2013,7,1,9.6,1.5,na,14.76
48603,2013,7,2,0.2,1.7,na,17.86
48603,2013,7,3,21.8,1.9,na,19.08
48603,2013,7,4,13.8,2.2,na,13.34
48603,2013,7,5,0,1.2,na,19.68
48603,2013,7,6,1.6,1.4,na,18.51
48603,2013,7,7,-33.3,1.3,na,15.21
48603,2013,7,8,0.2,1.2,na,5.95
48603,2013,7,9,19.8,1.3,na,19.25
48603,2013,7,10,-33.3,1.9,na,22.79
48603,2013,7,11,0,1.7,na,17.89
48603,2013,7,12,0,1.5,na,25.37
48603,2013,7,13,5.2,1.7,na,19.09
48603,2013,7,14,-33.3,2.1,na,14.02
48603,2013,7,15,0,1.2,na,12.01
48603,2013,7,16,-33.3,1.2,na,5.98
48603,2013,7,17,8,1.2,na,17.96
48603,2013,7,18,0,1.7,na,20.42
48603,2013,7,19,-33.3,1,na,8.26
48603,2013,7,20,0,1.2,na,17.33
48603,2013,7,21,0,1.3,na,19.18
48603,2013,7,22,0,1.5,na,21.64
48603,2013,7,23,0,1.2,na,12.72
48603,2013,7,24,0,1.2,na,20.38
48603,2013,7,25,0,1.5,na,23.5
48603,2013,7,26,-33.3,1.5,na,23.35
48603,2013,7,27,0,1.3,na,21.65
48603,2013,7,28,0,1.2,na,16.21
48603,2013,7,29,0,1.6,na,18.37
48603,2013,7,30,0,1.5,na,25.41
48603,2013,7,31,15.8,2,na,20.65
48603,2013,8,1,1.6,1.6,na,14.53
48603,2013,8,2,13.2,1.5,na,9.87
48603,2013,8,3,0,1.6,na,20.99
48603,2013,8,4,2.4,1.8,na,21.83
48603,2013,8,5,8.2,1.7,na,19.29
48603,2013,8,6,0.4,2.3,na,21.95
48603,2013,8,7,3.2,1.3,na,17.2
48603,2013,8,8,1.2,1.6,na,13.36
48603,2013,8,9,-33.3,1.3,na,17.31
48603,2013,8,10,1.8,1,na,15.69
48603,2013,8,11,-33.3,2.2,na,23.07
48603,2013,8,12,3.2,1.2,na,20.27
48603,2013,8,13,0,1.3,na,15.82
48603,2013,8,14,-33.3,1,na,14.87
48603,2013,8,15,6.8,1.1,na,8.64
48603,2013,8,16,0,1.5,na,22.82
48603,2013,8,17,0,1.8,na,23.98
48603,2013,8,18,0,2.2,na,24.96
48603,2013,8,19,0,1.7,na,24.14
48603,2013,8,20,1.4,1.7,na,20.71
48603,2013,8,21,0.2,1.4,na,20.6
48603,2013,8,22,0,1.6,na,23.03
48603,2013,8,23,0,1.5,na,20.69
48603,2013,8,24,0,1.6,na,24.58
48603,2013,8,25,0,1.1,na,11.44
48603,2013,8,26,0.4,1.5,na,16.96
48603,2013,8,27,0.2,1.4,na,21.23
48603,2013,8,28,7.2,1.4,na,11.51
48603,2013,8,29,2,1.1,na,17.36
48603,2013,8,30,0,1.2,na,16.45
48603,2013,8,31,14,1.6,na,19.25
48603,2013,9,1,66,1.8,na,21.37
48603,2013,9,2,0.8,1,na,20.51
48603,2013,9,3,1.2,1.6,na,21.86
48603,2013,9,4,9.8,2.3,na,24.69
48603,2013,9,5,20.4,2.1,na,21.39
48603,2013,9,6,46.4,1.8,na,18.81
48603,2013,9,7,5.8,2,na,16.19
48603,2013,9,8,6.8,1.6,na,18.11
48603,2013,9,9,5.8,1.9,na,14.45
48603,2013,9,10,38.2,1.5,na,8.77
48603,2013,9,11,40,2.1,na,6.81
48603,2013,9,12,0.6,1.9,na,17.94
48603,2013,9,13,2.8,1.7,na,18.98
48603,2013,9,14,0.4,1.7,na,15.79
48603,2013,9,15,0,1.4,na,19.19
48603,2013,9,16,0,1.4,na,22.6
48603,2013,9,17,0,1.5,na,20.97
48603,2013,9,18,0,1.6,na,17.15
48603,2013,9,19,0,1.6,na,19.41
48603,2013,9,20,1.6,1.8,na,20.06
48603,2013,9,21,0,1.4,na,22.98
48603,2013,9,22,0,1.9,na,23.02
48603,2013,9,23,0,2.2,na,21.08
48603,2013,9,24,0,1.6,na,18.88
48603,2013,9,25,0,1.5,na,21.66
48603,2013,9,26,-33.3,1.6,na,15.68
48603,2013,9,27,1.4,1.5,na,8.53
48603,2013,9,28,6.4,1.6,na,16.33
48603,2013,9,29,7.6,1.4,na,10
48603,2013,9,30,9.4,1.2,na,9.81
48603,2013,10,1,11.2,1.7,na,15.87
48603,2013,10,2,8.4,1.8,na,21.05
48603,2013,10,3,14.8,1.6,na,16.75
48603,2013,10,4,0,2,na,21.94
48603,2013,10,5,25.2,1.4,na,9.26
48603,2013,10,6,8.4,2.3,na,16.01
48603,2013,10,7,16.9,-1.1,na,-1.11
48603,2013,10,8,13,2.2,na,18.83
48603,2013,10,9,0,1.4,na,20.8
48603,2013,10,10,0,1.8,na,25.1
48603,2013,10,11,4.4,1.5,na,25.4
48603,2013,10,12,11.8,1.8,na,19.38
48603,2013,10,13,10.6,1.8,na,16.51
48603,2013,10,14,9.2,1.5,na,12.24
48603,2013,10,15,34.2,2.3,na,19.14
48603,2013,10,16,1,1.8,na,20.67
48603,2013,10,17,32.8,1.6,na,24.2
48603,2013,10,18,3.4,1.6,na,22.03
48603,2013,10,19,110.6,1.7,na,11.21
48603,2013,10,20,4.2,1.3,na,14.05
48603,2013,10,21,17.8,1.8,na,10.54
48603,2013,10,22,13,1.1,na,15.91
48603,2013,10,23,9.4,1.1,na,-1.11
48603,2013,10,24,9.6,1.1,na,16.37
48603,2013,10,25,-33.3,1.6,na,20.16
48603,2013,10,26,0.2,1.6,na,16.75
48603,2013,10,27,2,1,na,11.01
48603,2013,10,28,41.8,2.1,na,21.23
48603,2013,10,29,-33.3,1.3,na,18.6
48603,2013,10,30,1.8,1.4,na,21.39
48603,2013,10,31,15.6,1.2,na,19.07
48603,2013,11,1,0,1.6,na,20.52
48603,2013,11,2,0,1.5,na,23
48603,2013,11,3,2.2,1.4,na,18.55
48603,2013,11,4,0,1.8,na,21.8
48603,2013,11,5,0,1.8,na,21.5
48603,2013,11,6,0,1.4,na,16.49
48603,2013,11,7,0,1.1,na,15.97
48603,2013,11,8,0.2,1.5,na,19.97
48603,2013,11,9,1.4,1.8,na,18.9
48603,2013,11,10,0.4,1.7,na,18.59
48603,2013,11,11,6.4,1.2,na,14.26
48603,2013,11,12,2,1.3,na,19.2
48603,2013,11,13,22.2,1.2,na,13.91
48603,2013,11,14,3,1.2,na,21.67
48603,2013,11,15,0,1.1,na,21.46
48603,2013,11,16,6.6,1.6,na,-1.11
48603,2013,11,17,0,1.3,na,18.92
48603,2013,11,18,0.2,1.6,na,19.23
48603,2013,11,19,2.6,1.5,na,18.6
48603,2013,11,20,15.8,1.3,na,3.15
48603,2013,11,21,-33.3,1.3,na,8.06
48603,2013,11,22,16.2,1.5,na,6.92
48603,2013,11,23,10.6,1.7,na,21.12
48603,2013,11,24,-33.3,1.9,na,18.91
48603,2013,11,25,21.2,1.5,na,17.25
48603,2013,11,26,0,1.7,na,22.39
48603,2013,11,27,0,1.3,na,11.92
48603,2013,11,28,11,1.8,na,16.32
48603,2013,11,29,2.6,2.3,na,13.92
48603,2013,11,30,0,2.4,na,9.3
48603,2013,12,1,1.2,1.6,na,15.7
48603,2013,12,2,-33.3,1.5,na,9.74
48603,2013,12,3,3.8,0.6,na,5.04
48603,2013,12,4,8.6,0.7,na,4.66
48603,2013,12,5,0,1.7,na,13.99
48603,2013,12,6,0,2.1,na,20.99
48603,2013,12,7,0,2.3,na,19.45
48603,2013,12,8,0,2,na,20.29
48603,2013,12,9,-33.3,1.8,na,22.61
48603,2013,12,10,0.4,1.4,na,11.69
48603,2013,12,11,7.8,1.2,na,16.42
48603,2013,12,12,0,1.1,na,16.43
48603,2013,12,13,0,1.6,na,21.16
48603,2013,12,14,0,1.8,na,21.37
48603,2013,12,15,52.2,1.4,na,17.81
48603,2013,12,16,-33.3,1.4,na,20.04
48603,2013,12,17,9.2,1.6,na,18.76
48603,2013,12,18,0,2.2,na,17.79
48603,2013,12,19,0,2.4,na,17.94
48603,2013,12,20,0,2.1,na,20.42
48603,2013,12,21,0,2.1,na,16.88
48603,2013,12,22,0,2.4,na,19.63
48603,2013,12,23,0,1.9,na,21.97
48603,2013,12,24,0.6,2.1,na,16.4
48603,2013,12,25,0,2,na,16.8
48603,2013,12,26,0,2.1,na,19.76
48603,2013,12,27,0,2.7,na,21.24
48603,2013,12,28,1.4,2.7,na,14.32
48603,2013,12,29,0,3,na,11.7
48603,2013,12,30,0,2.9,na,16.96
48603,2013,12,31,0,2.7,na,20.34
48603,2014,1,1,0,2.8,na,20.41
48603,2014,1,2,0,2.4,na,22.96
48603,2014,1,3,1,1.4,na,14.53
48603,2014,1,4,0,1.3,na,16.42
48603,2014,1,5,0,2.1,na,20.79
48603,2014,1,6,1,2,na,18.85
48603,2014,1,7,0,2,na,21.71
48603,2014,1,8,0,1.8,na,13.98
48603,2014,1,9,6,1.8,na,12.53
48603,2014,1,10,0.2,2.4,na,13.95
48603,2014,1,11,0,2.7,na,13.21
48603,2014,1,12,-33.3,2.8,na,17.84
48603,2014,1,13,0,2.2,na,23.13
48603,2014,1,14,0,2.4,na,21.68
48603,2014,1,15,0,2.3,na,22.39
48603,2014,1,16,0,3,na,21.22
48603,2014,1,17,0,2.8,na,19.48
48603,2014,1,18,0,3.4,na,22.81
48603,2014,1,19,0,3.1,na,23.58
48603,2014,1,20,0,2.4,na,22.74
48603,2014,1,21,0,2.9,na,21.08
48603,2014,1,22,0,2.9,na,22.45
48603,2014,1,23,0,2.4,na,22.76
48603,2014,1,24,0,2.1,na,22.86
48603,2014,1,25,0,1.8,na,24.09
48603,2014,1,26,0,2,na,18.46
48603,2014,1,27,0,2.4,na,23.03
48603,2014,1,28,0,2.8,na,22.5
48603,2014,1,29,0,2.6,na,23.81
48603,2014,1,30,0,2.8,na,25.41
48603,2014,1,31,0,2.3,na,24.52
48603,2014,2,1,0,2,na,22.29
48603,2014,2,2,0,1.7,na,23.99
48603,2014,2,3,0,1.5,na,24.41
48603,2014,2,4,0,1.5,na,23.73
48603,2014,2,5,0,1.9,na,24.09
48603,2014,2,6,0,1.9,na,22.04
48603,2014,2,7,0,1.7,na,21.3
48603,2014,2,8,0,1.5,na,20.92
48603,2014,2,9,0,1.8,na,23.99
48603,2014,2,10,0,1.6,na,25.27
48603,2014,2,11,0,1.9,na,23.39
48603,2014,2,12,0,1.9,na,24.71
48603,2014,2,13,0,1.8,na,23.47
48603,2014,2,14,0,2.2,na,23.97
48603,2014,2,15,0,2.2,na,24.81
48603,2014,2,16,0,1.8,na,20.62
48603,2014,2,17,0,1.9,na,23.78
48603,2014,2,18,0,1.9,na,24.48
48603,2014,2,19,0,1.5,na,22.28
48603,2014,2,20,0,2.2,na,22.19
48603,2014,2,21,0,2.4,na,23.72
48603,2014,2,22,0,2.9,na,24.39
48603,2014,2,23,0,2.5,na,22.81
48603,2014,2,24,0,2.2,na,25.77
48603,2014,2,25,0,2.5,na,25.88
48603,2014,2,26,0,2.3,na,27.08
48603,2014,2,27,0,2.7,na,26.45
48603,2014,2,28,0,2.2,na,26.82
48603,2014,3,1,0,1.7,na,19.69
48603,2014,3,2,0,1.9,na,25.08
48603,2014,3,3,0,1.9,na,23.46
48603,2014,3,4,0,2,na,25.63
48603,2014,3,5,0,2.7,na,25.87
48603,2014,3,6,0,2.5,na,27.35
48603,2014,3,7,0,1.9,na,26.41
48603,2014,3,8,0,2,na,25.35
48603,2014,3,9,0,2.9,na,26.65
48603,2014,3,10,0,3,na,26.8
48603,2014,3,11,0,3.4,na,26.36
48603,2014,3,12,0,2.5,na,26.81
48603,2014,3,13,0,1.9,na,20.42
48603,2014,3,14,0,2.8,na,24.62
48603,2014,3,15,16.6,2.2,na,12.92
48603,2014,3,16,1.8,2.1,na,13.74
48603,2014,3,17,-33.3,2.3,na,20.39
48603,2014,3,18,0,2.2,na,25.16
48603,2014,3,19,0,1.7,na,26.15
48603,2014,3,20,0,1.5,na,22.73
48603,2014,3,21,0,1.7,na,22.32
48603,2014,3,22,0,2.4,na,24.6
48603,2014,3,23,0,3.3,na,24.65
48603,2014,3,24,0,3.1,na,23.28
48603,2014,3,25,0,2.5,na,24.5
48603,2014,3,26,0,1.8,na,26.03
48603,2014,3,27,0,2.3,na,26.57
48603,2014,3,28,0,1.9,na,24.43
48603,2014,3,29,33.4,2.5,na,23.89
48603,2014,3,30,0,1.5,na,26.06
48603,2014,3,31,1,1.2,na,11.59
48603,2014,4,1,0,1.5,na,17.34
48603,2014,4,2,8.8,2,na,19.23
48603,2014,4,3,9,1.9,na,14.77
48603,2014,4,4,6.8,2.1,na,20.35
48603,2014,4,5,2.4,-1.1,na,-1.11
48603,2014,4,6,0,1.3,na,22.33
48603,2014,4,7,11.4,1.3,na,18.22
48603,2014,4,8,0,1.6,na,22.31
48603,2014,4,9,-33.3,1.4,na,17.97
48603,2014,4,10,0,1.7,na,19.45
48603,2014,4,11,1,1,na,17.07
48603,2014,4,12,0,1.7,na,20.95
48603,2014,4,13,3.2,1.4,na,19.34
48603,2014,4,14,5.2,0.9,na,20.55
48603,2014,4,15,0,1.3,na,24.77
48603,2014,4,16,-33.3,1.8,na,19.99
48603,2014,4,17,7,2,na,22.46
48603,2014,4,18,0,2.1,na,23.25
48603,2014,4,19,0.2,1.7,na,20.95
48603,2014,4,20,2.4,1.9,na,20.28
48603,2014,4,21,7.8,1.9,na,26.39
48603,2014,4,22,3,1.6,na,20.16
48603,2014,4,23,0,1.7,na,24
48603,2014,4,24,0,2.3,na,22.5
48603,2014,4,25,-33.3,1.7,na,15.65
48603,2014,4,26,30.6,2,na,23.53
48603,2014,4,27,0,2.1,na,23.12
48603,2014,4,28,1.2,2.2,na,23.34
48603,2014,4,29,24.6,1.8,na,20.79
48603,2014,4,30,0.4,1.6,na,22.37
48603,2014,5,1,0,1.8,na,25.01
48603,2014,5,2,0,2,na,17.76
48603,2014,5,3,-33.3,1.6,na,19.85
48603,2014,5,4,1,2,na,25.48
48603,2014,5,5,42.2,1.4,na,19.37
48603,2014,5,6,0,1.8,na,-1.11
48603,2014,5,7,36.8,1.7,na,18.1
48603,2014,5,8,2.4,1.8,na,21.49
48603,2014,5,9,4.6,1.6,na,21.52
48603,2014,5,10,0.2,2,na,21.34
48603,2014,5,11,0,1.6,na,25.66
48603,2014,5,12,30.4,2.4,na,21.81
48603,2014,5,13,6.8,2,na,24.91
48603,2014,5,14,15.4,2.2,na,21.36
48603,2014,5,15,11.4,2.1,na,21.29
48603,2014,5,16,0.6,2,na,20.04
48603,2014,5,17,0,1.5,na,16.62
48603,2014,5,18,2.8,1.5,na,8.01
48603,2014,5,19,0,1.8,na,21.11
48603,2014,5,20,0,2.2,na,24.35
48603,2014,5,21,0,1.8,na,22.62
48603,2014,5,22,0,2,na,26.31
48603,2014,5,23,0,1.4,na,18.99
48603,2014,5,24,1.4,1.5,na,15.71
48603,2014,5,25,2.6,1.5,na,17.33
48603,2014,5,26,0.2,1.4,na,17.36
48603,2014,5,27,0,1.8,na,16.05
48603,2014,5,28,0.4,1.9,na,22.3
48603,2014,5,29,12.2,1.8,na,14.46
48603,2014,5,30,23.4,2.5,na,15.37
48603,2014,5,31,1.2,2,na,24.63
48603,2014,6,1,14.2,2,na,20.32
48603,2014,6,2,1.4,1.8,na,21.72
48603,2014,6,3,19.4,2.1,na,19.38
48603,2014,6,4,15,2.4,na,15.91
48603,2014,6,5,0,2.1,na,22.89
48603,2014,6,6,0,1.3,na,18.29
48603,2014,6,7,0,1.5,na,22.18
48603,2014,6,8,0,1.4,na,23.39
48603,2014,6,9,0,1.8,na,20.41
48603,2014,6,10,0,1.5,na,21.33
48603,2014,6,11,25.6,2,na,18.45
48603,2014,6,12,28.2,1.4,na,6.1
48603,2014,6,13,0,1.4,na,19.66
48603,2014,6,14,0,1.2,na,16.81
48603,2014,6,15,0,1.4,na,16.95
48603,2014,6,16,0,1.7,na,17.17
48603,2014,6,17,0,1,na,10.45
48603,2014,6,18,0,1.5,na,23.77
48603,2014,6,19,0,1.3,na,23.41
48603,2014,6,20,0,1.4,na,21.72
48603,2014,6,21,0,1.6,na,20.48
48603,2014,6,22,0,1.3,na,15.67
48603,2014,6,23,2,1.1,na,15.51
48603,2014,6,24,0.6,1.2,na,18.44
48603,2014,6,25,0,1.2,na,18.45
48603,2014,6,26,0,1.1,na,15.06
48603,2014,6,27,0,1.8,na,23.77
48603,2014,6,28,1.6,1.6,na,18.23
48603,2014,6,29,17,1.6,na,8.54
48603,2014,6,30,30.2,1.7,na,11.08
48603,2014,7,1,0.8,1.4,na,19.15
48603,2014,7,2,0,1.2,na,24.09
48603,2014,7,3,0,1.5,na,23.21
48603,2014,7,4,0.2,1.6,na,20.08
48603,2014,7,5,0,1.9,na,20.18
48603,2014,7,6,9.6,1.6,na,21.28
48603,2014,7,7,18.6,2.1,na,18.8
48603,2014,7,8,3.2,2.6,na,23.61
48603,2014,7,9,-33.3,1.4,na,19.78
48603,2014,7,10,0,1,na,14.09
48603,2014,7,11,0,1.5,na,16.1
48603,2014,7,12,0,2.2,na,23.93
48603,2014,7,13,0,1.4,na,22.8
48603,2014,7,14,0,1.1,na,16.42
48603,2014,7,15,3.2,1.4,na,14.08
48603,2014,7,16,-33.3,1.4,na,23.99
48603,2014,7,17,0,1.7,na,26.19
48603,2014,7,18,0,1.6,na,19.09
48603,2014,7,19,0,1.4,na,22.58
48603,2014,7,20,0,1.3,na,18.49
48603,2014,7,21,0,1.3,na,17.03
48603,2014,7,22,5.6,1.4,na,10.34
48603,2014,7,23,0,1.4,na,18.28
48603,2014,7,24,-33.3,1.8,na,16.2
48603,2014,7,25,3.4,1.7,na,19.89
48603,2014,7,26,45,1.5,na,15.8
48603,2014,7,27,0,1.6,na,18.83
48603,2014,7,28,0,1.3,na,22.24
48603,2014,7,29,7.8,1.5,na,13.22
48603,2014,7,30,0,1.7,na,19.76
48603,2014,7,31,5.6,1.5,na,15.94
48603,2014,8,1,0,1.5,na,18.93
48603,2014,8,2,0,1.3,na,21.96
48603,2014,8,3,0,1.7,na,24.08
48603,2014,8,4,1.2,1.4,na,22.98
48603,2014,8,5,-33.3,1.2,na,18.73
48603,2014,8,6,1.6,1.4,na,12.53
48603,2014,8,7,0,1.8,na,19.03
48603,2014,8,8,0,1.5,na,12.4
48603,2014,8,9,1.6,1.4,na,17.51
48603,2014,8,10,15.4,1.9,na,25.44
48603,2014,8,11,0,1.6,na,24.32
48603,2014,8,12,-33.3,2.1,na,25
48603,2014,8,13,0,2.4,na,22.38
48603,2014,8,14,10.2,1.9,na,16.98
48603,2014,8,15,22.8,1.6,na,14.7
48603,2014,8,16,2.2,1.9,na,15.94
48603,2014,8,17,0,1.7,na,25.95
48603,2014,8,18,10.6,1.9,na,19.65
48603,2014,8,19,23.4,1.1,na,16.55
48603,2014,8,20,1.2,1.3,na,11.97
48603,2014,8,21,6.8,1.6,na,20.85
48603,2014,8,22,9.6,1.7,na,20.62
48603,2014,8,23,49,1.3,na,16.3
48603,2014,8,24,1.4,1.8,na,21.1
48603,2014,8,25,8.2,2,na,18.36
48603,2014,8,26,24.8,2.3,na,12.55
48603,2014,8,27,51.2,1.5,na,9.12
48603,2014,8,28,-33.3,1.6,na,15.41
48603,2014,8,29,0,1.3,na,19.72
48603,2014,8,30,0,1.3,na,21.79
48603,2014,8,31,0,1.1,na,19.11
48603,2014,9,1,0,82.1,1.4,20.55
48603,2014,9,2,0.6,87.3,0.9,12.81
48603,2014,9,3,0,79.1,1.2,22.87
48603,2014,9,4,3.2,89.3,1.2,8.43
48603,2014,9,5,3.2,85,1.8,17.79
48603,2014,9,6,7.2,84.1,1.6,19.07
48603,2014,9,7,5.6,91.4,0.9,6.62
48603,2014,9,8,16.4,86,1,15.69
48603,2014,9,9,29.2,91.6,1.3,10.9
48603,2014,9,10,0,86.5,1.6,22.89
48603,2014,9,11,0,84.3,1.2,20.83
48603,2014,9,12,17.8,87.8,1.9,21.51
48603,2014,9,13,8,88.6,1.7,14.02
48603,2014,9,14,62.8,93.3,2.1,13.41
48603,2014,9,15,20.8,93.2,1.8,10.27
48603,2014,9,16,0,87,1.4,-1.11
48603,2014,9,17,21.6,90.6,0.6,8.55
48603,2014,9,18,0,80.8,1.7,23.72
48603,2014,9,19,-33.3,83.4,0.9,20.07
48603,2014,9,20,1.8,80.9,2,26.1
48603,2014,9,21,0.4,87.9,2,17.38
48603,2014,9,22,0,81.5,1.1,24.68
48603,2014,9,23,78,85.7,1.5,17.43
48603,2014,9,24,3.6,88.6,2.1,16.45
48603,2014,9,25,19.6,87,1.4,22.54
48603,2014,9,26,1,85.9,1.3,23.14
48603,2014,9,27,0,85.7,1.5,20.26
48603,2014,9,28,56.2,85.9,1.7,20.51
48603,2014,9,29,7.4,85,2.2,25.07
48603,2014,9,30,7.2,89.1,1.7,16.21
48603,2014,10,1,0,83.5,1.8,22.89
48603,2014,10,2,2.8,84.8,1.8,18.17
48603,2014,10,3,4.8,86.7,1.4,18.36
48603,2014,10,4,12.4,92.5,2.1,10.88
48603,2014,10,5,43.8,95.7,1.8,6.71
48603,2014,10,6,6.8,83.9,1.9,23.82
48603,2014,10,7,0,87.3,1.4,17.11
48603,2014,10,8,0,81.9,1.3,20.5
48603,2014,10,9,0,79.2,1.2,20.49
48603,2014,10,10,0,83.6,1.5,21.19
48603,2014,10,11,0.8,87.5,1,15.17
48603,2014,10,12,13.2,89.3,1,11.29
48603,2014,10,13,3.6,87.8,0.8,-1.11
48603,2014,10,14,12,85.4,1.3,21
48603,2014,10,15,2.8,88.7,1.3,15.48
48603,2014,10,16,3.4,84.4,1.3,19.98
48603,2014,10,17,7.4,84,1.1,18.49
48603,2014,10,18,38.4,87.8,0.9,18.64
48603,2014,10,19,1.2,86.3,1.5,18.44
48603,2014,10,20,9.2,85.5,1.2,20.11
48603,2014,10,21,1.6,87.9,0.7,16.69
48603,2014,10,22,10.8,90.5,0.7,16.23
48603,2014,10,23,2.4,91.2,1.7,14.61
48603,2014,10,24,20.6,84.9,1.3,21.38
48603,2014,10,25,-33.3,84.4,1.3,21.81
48603,2014,10,26,88.6,83.8,1.2,18.56
48603,2014,10,27,0.4,86.4,1.5,22.54
48603,2014,10,28,7,85.3,2,23.41
48603,2014,10,29,3,84,2,23.74
48603,2014,10,30,0.4,85.4,1,19.23
48603,2014,10,31,0,85.2,1,18.86
48603,2014,11,1,61,88,1.3,13.08
48603,2014,11,2,0,85,1.3,22.45
48603,2014,11,3,5,87.3,1.1,15.09
48603,2014,11,4,0,82,1,18.67
48603,2014,11,5,11.2,86.5,1.4,14.81
48603,2014,11,6,3.2,87.6,1.1,16.14
48603,2014,11,7,18.6,92.4,0.9,6.16
48603,2014,11,8,13.8,93.1,1.6,8.57
48603,2014,11,9,0,82.2,1.6,16.11
48603,2014,11,10,4,86.3,1.2,18.38
48603,2014,11,11,0,77.4,1.1,23.05
48603,2014,11,12,0.4,81.7,1,17.03
48603,2014,11,13,1,81.8,1.2,16.04
48603,2014,11,14,4.6,81.7,1.3,17.01
48603,2014,11,15,-33.3,80.6,1.4,13.31
48603,2014,11,16,11.4,79.1,1.7,21.84
48603,2014,11,17,0,74.9,2.2,20.78
48603,2014,11,18,3,83.6,1.6,11.26
48603,2014,11,19,0.2,81.6,1.3,11.98
48603,2014,11,20,0.8,82.5,1.4,16.27
48603,2014,11,21,0,79.8,1.6,20.48
48603,2014,11,22,29,90,1.5,11.32
48603,2014,11,23,24.8,88.2,1.4,20.36
48603,2014,11,24,0,82.8,1.3,19.03
48603,2014,11,25,17,89,0.9,15.81
48603,2014,11,26,17.6,87,1.7,20.6
48603,2014,11,27,60,91.3,1.2,13.17
48603,2014,11,28,0.4,89.4,0.9,16.39
48603,2014,11,29,0,84.4,1.4,22.35
48603,2014,11,30,0,88.3,1.2,22.68
48603,2014,12,1,0.4,88.3,1,15.11
48603,2014,12,2,24.8,85.5,1.2,18.83
48603,2014,12,3,7,88.3,1.2,21.45
48603,2014,12,4,59.2,86.9,1.3,20.37
48603,2014,12,5,6.8,90.3,0.9,15.12
48603,2014,12,6,8.2,90.7,1.2,18.87
48603,2014,12,7,6.2,90.4,0.7,14.97
48603,2014,12,8,0,86,1.4,15.64
48603,2014,12,9,0,80.3,1.7,23.42
48603,2014,12,10,0,75.9,1.5,20.77
48603,2014,12,11,0,73.3,1.7,22.54
48603,2014,12,12,0,72.6,1.7,23.18
48603,2014,12,13,0,78.6,1.4,18
48603,2014,12,14,0,83.6,1.9,10.48
48603,2014,12,15,0.2,80.3,1.5,6.65
48603,2014,12,16,32.4,95.1,0.5,3.58
48603,2014,12,17,21.6,93.5,1.2,6.59
48603,2014,12,18,0,85.2,1.7,6.39
48603,2014,12,19,0,72.7,2.6,15.59
48603,2014,12,20,3.6,87.7,1,4.87
48603,2014,12,21,11.6,89,1.6,6.34
48603,2014,12,22,0.2,85.6,1.2,8.16
48603,2014,12,23,15,91.3,0.7,3.88
48603,2014,12,24,21.2,92.2,1.3,4.39
48603,2014,12,25,8,88.6,1,13.28
48603,2014,12,26,33.8,89.5,1.5,11.9
48603,2014,12,27,0,80.4,1.3,20.35
48603,2014,12,28,3.4,76.8,1.6,12.78
48603,2014,12,29,1.6,84.7,1.7,6.86
48603,2014,12,30,0,70.8,1.6,13.24
48603,2014,12,31,0,71.8,2.2,23.19
48603,2015,1,1,0,70.1,2.3,23.04
48603,2015,1,2,0,77.3,1.9,-1.11
48603,2015,1,3,0,74.3,1.7,20.21
48603,2015,1,4,-33.3,79.7,1.3,15.79
48603,2015,1,5,0,79.3,1.1,16.64
48603,2015,1,6,0.2,84.5,1.1,14.72
48603,2015,1,7,14,89.9,0.3,11.15
48603,2015,1,8,1.2,81,1.7,12.9
48603,2015,1,9,0,68.3,1.9,18.18
48603,2015,1,10,2,77,1.8,16.76
48603,2015,1,11,0,75.9,1.3,20.1
48603,2015,1,12,0,69.5,1.6,22.53
48603,2015,1,13,0,65.1,2.7,23.66
48603,2015,1,14,0,64.9,2.7,23.36
48603,2015,1,15,0,63.3,2.9,-1.11
48603,2015,1,16,0,66.9,2.6,23.46
48603,2015,1,17,0,66.8,2.2,22.25
48603,2015,1,18,0,65.8,2.2,24.68
48603,2015,1,19,0,70,2.3,15.92
48603,2015,1,20,0,68.2,1.9,23.61
48603,2015,1,21,0,71.5,1.8,22.02
48603,2015,1,22,0,70.8,1.7,20
48603,2015,1,23,0,71.8,1.7,22.65
48603,2015,1,24,0,69.7,1.6,23.01
48603,2015,1,25,0,73.3,1.4,18.41
48603,2015,1,26,0,71.4,1.5,19.05
48603,2015,1,27,0,71.2,2.1,23.01
48603,2015,1,28,0,69.5,1.9,24.48
48603,2015,1,29,0,68.6,1.9,-1.11
48603,2015,1,30,0,69.8,2,21.64
48603,2015,1,31,0,62.6,2.9,24.65
48603,2015,2,1,0,58.6,3.7,25.06
48603,2015,2,2,0,62,3,25.78
48603,2015,2,3,0,62.8,2.9,25.67
48603,2015,2,4,0,65.8,2.3,21.42
48603,2015,2,5,0,65.3,2.5,22.11
48603,2015,2,6,0,58,3.1,23.22
48603,2015,2,7,0,64.3,2,25.65
48603,2015,2,8,0,59.1,3.2,23.32
48603,2015,2,9,0,57.7,3.2,24.96
48603,2015,2,10,0,58.3,2.4,-1.11
48603,2015,2,11,0,66.7,1.8,24.74
48603,2015,2,12,0,67,2.1,23.79
48603,2015,2,13,0,69.9,2,20.62
48603,2015,2,14,0,70.6,1.9,23.13
48603,2015,2,15,0,71.9,1.8,21.89
48603,2015,2,16,0,72.4,2.1,21.49
48603,2015,2,17,0.4,75,1.8,-1.11
48603,2015,2,18,37.4,75.1,2.3,21.92
48603,2015,2,19,0,78.2,1.6,21.3
48603,2015,2,20,0,73.3,2,23.57
48603,2015,2,21,0,71.5,2,24.9
48603,2015,2,22,0,76.8,1.6,18.68
48603,2015,2,23,0,73.8,1.9,24.42
48603,2015,2,24,0,73.4,2.1,-1.11
48603,2015,2,25,0,72.6,2.1,24.62
48603,2015,2,26,0,71.8,2.1,23.86
48603,2015,2,27,0,69.8,2.1,25.45
48603,2015,2,28,0,71.3,2.2,24.35
48603,2015,3,1,0,63.5,2.2,24.39
48603,2015,3,2,0,66.5,2.7,24.64
48603,2015,3,3,0,70,2.1,25.3
48603,2015,3,4,0,73.5,2.2,-1.11
48603,2015,3,5,4,77.6,2.2,-1.11
48603,2015,3,6,0,70.2,1.7,-1.11
48603,2015,3,7,0,70,2,25.47
48603,2015,3,8,7.2,78.1,1.7,21.91
48603,2015,3,9,0,75,1.6,22.83
48603,2015,3,10,0,2.1,70.8,24.95
48603,2015,3,11,0,2.4,61.9,25.93
48603,2015,3,12,0,2,59.3,23.63
48603,2015,3,13,0,2.6,57,22.97
48603,2015,3,14,0,2.1,61.3,27.62
48603,2015,3,15,0,2.6,64.3,27.69
48603,2015,3,16,0,2,64.8,26.5
48603,2015,3,17,0,2,66.8,27.17
48603,2015,3,18,0,2.1,70,25.41
48603,2015,3,19,0,1.9,68.7,24.63
48603,2015,3,20,0,2.1,71.3,20.57
48603,2015,3,21,0,2.1,73.8,20.22
48603,2015,3,22,0,1.6,71.1,20.54
48603,2015,3,23,0,2.1,70.3,23.27
48603,2015,3,24,0,2.3,65.3,25.24
48603,2015,3,25,0,2,64.4,19.05
48603,2015,3,26,0,2.8,60,20.81
48603,2015,3,27,0,2.5,64.1,20.16
48603,2015,3,28,0,2.5,65.7,20.05
48603,2015,3,29,28.2,2.4,74.9,21.29
48603,2015,3,30,37.2,1.9,79,21.27
48603,2015,3,31,18.4,1.3,87.1,15.71
48603,2015,4,1,54.4,1.7,84.4,25.54
48603,2015,4,2,0,1.4,81.9,26.67
48603,2015,4,3,0,1.8,79.2,24.33
48603,2015,4,4,5.4,1.9,80.6,26.83
48603,2015,4,5,0,1.8,75.1,26.1
48603,2015,4,6,0,1.7,77.3,24.18
48603,2015,4,7,0,1.7,71.5,Def.
48603,2015,4,8,0,1.7,70.3,24.06
48603,2015,4,9,0,1.9,71.4,19.93
48603,2015,4,10,0.8,1.9,74.4,21.81
48603,2015,4,11,36.6,1.5,84.8,15.29
48603,2015,4,12,0.6,1.5,78.9,23.91
48603,2015,4,13,0,2.1,69.4,23.62
48603,2015,4,14,Trace,1.9,74.7,20.89
48603,2015,4,15,0.2,1.8,74.7,18.21
48603,2015,4,16,2.4,1.8,75.8,24.5
48603,2015,4,17,5.2,1.5,83.3,19.17
48603,2015,4,18,0,1.4,79.6,22.55
48603,2015,4,19,3.2,1.9,81.3,21.81
48603,2015,4,20,0,1.7,78.6,25.61
48603,2015,4,21,Trace,2,79.2,20.87
48603,2015,4,22,0.2,2.3,80,17.81
48603,2015,4,23,2.2,1.7,81.9,14.1
48603,2015,4,24,2.6,1.3,80.3,15.96
48603,2015,4,25,0,1.6,77.5,21.99
48603,2015,4,26,0,1.9,71.5,23.58
48603,2015,4,27,2,2,84.1,13.53
48603,2015,4,28,0,1.5,74.7,23.28
48603,2015,4,29,16.6,1.7,83.3,21.26
48603,2015,4,30,2.6,1.3,89,14.3
